,0,1,2,3,4,5
0,4.182577071353647,-8.696649275350888,3.8722298403497444,-2.7672117017145297,-3.292015125152957,-4.401013185267421
1,-0.06538207762660656,-7.129313344346257,-0.2956921318702782,-5.573910539164623,9.804822467430624,1.631314653206382
2,-3.1841709891320575,-2.307161120223086,1.2979371226922662,-4.078085909285261,1.3228803480589724,-0.5467320540775393
3,-0.6461245726711677,3.9452648301872797,-1.1468294483713521,-3.9273719162610017,-4.827893043037534,-2.301328718166603
4,-1.9784204509408245,3.5554086671603784,3.5535245170413505,-4.8304347254430775,-0.28141364560682913,3.900114248414438
5,-1.913026645497113,4.416367673912401,-2.535828539246257,0.9145256011230785,0.851925298062286,-0.5533385091406078
6,3.8637428170991632,-1.5338630374385933,-7.780024691540927,2.450459552005287,6.557073563205531,-0.1314142439650272
7,3.8217537019725176,5.406223691594542,-10.442578313200958,5.0486317965770136,6.921146985884294,0.3309527126486128
8,11.30445512429931,0.8617227712757334,-5.383346710333838,3.499629407999066,7.416022120576738,3.21746187646202
9,10.8288334740696,-6.800850753947442,-11.40027057420959,6.307061765695488,5.4911770119290155,9.021263211949258
10,-4.448103138979084,1.037144218426664,-3.142522264764938,3.812287007109709,-2.1201774666030286,-5.900367828848363
11,-2.9600718237416865,-2.0686760175785945,-2.3948035676571546,-1.7533381786785782,-5.176214731612232,5.00839426371166
12,-0.6238893055619842,4.308478397098179,-2.006628470776658,-3.607836743644617,-1.251190576075412,3.518600207631475
13,-0.6938180366885106,3.359859809827247,-4.543352024814895,2.9011729288552615,-8.70925136074536,4.082392313083678
14,-5.844396385801933,6.83938386569714,1.6006409212242092,5.828832126288127,0.921248500667373,-5.4857568700212695
15,-4.217553997336618,10.554991064664268,-4.892772892203107,9.291863721218558,-3.1548919221195777,1.2838865354155526
16,-0.5221435247814108,5.960386587457802,-3.7773877045505126,4.160503819229563,-3.2134896257874743,3.299884963535884
17,-1.1093803127661244,-0.1366825729661616,-3.198645861100178,2.021158697421548,-0.8079982973919524,1.9910966802735102
18,-0.4206562525420616,4.039714996562219,-1.5532516012387725,-1.1420387965990002,-2.0702287160404094,4.436775034368771
19,4.790910597630367,0.38563465680595277,-4.4473365411854315,-0.6301828844160101,-4.289774091679543,0.7485670615064017
20,1.9236096132801876,0.8764672413184275,1.0375200782236826,7.43818343109171,-2.263486661676064,1.2718546142384017
21,-8.10498963283658,-1.734790201216737,1.1237791388201213,-1.345263633372093,1.8784586594446901,-2.878303999449679
22,2.7616385223746267,-5.433556121424709,-1.5788751198182145,-4.640771731079711,8.454373613046004,0.3211397070532229
23,-1.7695914982244396,-3.343310934974622,1.4853475395711713,5.900021927740833,-3.7729972040006423,2.852193806324613
24,-4.565449083461086,0.693535065927321,-0.8743918447906323,1.4843276511209078,-2.8736585219616355,-1.1957741858581217
25,4.51715234983031,0.8705565918834112,1.7263810524325476,1.5008621334532815,2.926772310185048,5.34545839058969
26,-2.506884557202332,-0.33212194827039654,8.734186848453525,4.233876714708489,7.235975707546541,-4.0494069568643125
27,14.612229519858134,-11.687151684084416,-2.3985915907469577,0.8857897095658018,5.134849266596085,-2.014209944510223
28,-1.7856297663809584,-0.5326283138719821,0.09740882755655506,-1.6162086061198673,-3.163223241096556,0.6831737618751982
29,4.484979274446148,0.26187848860839646,-7.88605558399476,1.0862162949326168,-1.67517438819582,1.5284165207507412
30,-4.79502101707636,2.5348256651841337,0.6724256660522681,2.823426576356743,-2.108134728517922,-0.6056660238283202
31,-4.059955828246636,0.5509567994180862,-2.803396273441842,0.9895607892564863,-0.939490676665271,1.1111732821449931
32,-7.564295028965086,2.4270160872819937,-2.339166158343483,-0.8332635592707243,-1.625414469684876,0.10982882072498779
33,-2.972279384880989,5.810276419057736,6.02385497742482,1.8793024795801072,-1.4205485475590085,-7.112301945594156
34,-4.132693950179062,-3.70191025004791,2.359837873697648,1.1074705492445496,3.910791337633458,1.6144098347784848
35,-3.8803074454553594,-0.18016936070139195,-6.5483140251371825,-8.71073974018275,1.4245555384246864,3.033534462938979
36,-2.250414503451383,-3.0673253270638856,-2.683404490817258,-4.441741328129841,3.5573933928642205,5.52667801644682
37,-4.2417069769336395,1.071745225484225,-2.1943337201776325,-4.627169302327457,1.7542475192653888,0.3319201969347184
38,6.562213978252046,-5.9411325702759035,6.525642888222537,-7.073933313207798,0.5958072693606851,-0.9880029177427033
39,-1.4139413060095731,-2.117462826520372,0.6073502945248835,-9.154166073075663,-1.1026485648694229,-2.6093076204039947
40,3.209457654087672,-0.06392000086918703,-3.5748127903247964,4.512330425471042,1.4671933558266754,-1.1992479078698075
41,-6.430013055866118,-0.1412177785419757,3.4464993773854,1.6035752760396815,-1.1281270287168461,-0.8100915313548711
42,-3.072286928306278,1.314197400301473,0.1880560646746915,0.9283769543893473,-7.178301652062321,2.9387998256185086
43,1.9912473488460276,-0.19226702396107345,2.6603916658390405,1.1706451247240162,-1.801393291340554,3.479485309483206
44,-7.48736044261411,3.755099894783025,-0.5107900433347917,-0.3734964706466335,-5.516603017256121,5.3441518511193635
45,-7.340792083047383,-1.5059850330868447,-3.6458617141236846,-2.1030453285215995,2.255066200587528,2.513664116182562
46,-1.2760066790135338,-2.9478720192323777,-1.6293135549797053,-0.7960064685006394,2.277956829717387,-1.2676718709953412
47,9.35411029815203,3.2709040528624542,2.5699456739528204,-3.744811946608185,6.370075056016363,-2.4543977757836664
48,7.040901112264295,-4.099819446413539,-3.173417381751451,0.9357985642329882,-3.4882906195043146,-0.3636964081913645
49,0.8479288819278323,-4.09212045942505,-0.5135675742454527,4.009560924673436,8.286687620193723,-1.1778860392793151
50,-1.6032739515344607,2.7355803456778136,4.5026145539424896,4.405446218368806,-1.7902180948733206,5.942101264326125
51,-0.6544568264680741,-1.9420602674793594,6.867243923984699,5.236159362371248,1.0807222525667386,5.08605104621365
52,5.82146391221558,-2.6372314598076994,12.310630611179375,-1.799629582411248,0.1226567853890892,10.330615036273052
53,-4.743046295104437,0.5812551038540417,0.4631623559453204,-3.696146302910083,-0.25906198063133856,2.0738149044101624
54,6.056596134442839,2.647651711732611,-3.899595413434651,5.719362639665801,4.747463201589133,1.0326451610517244
55,15.140060065156035,-3.600631584645077,-3.691752111876622,4.088097660216116,1.728698844064817,-9.90663377114872
56,6.440874100507648,-2.1579924669993504,-4.369946866554673,0.585258049878763,0.9183165619372102,-2.8770360944027527
57,0.9934384872276836,-1.6077115164221794,-2.8804623245755687,-3.5105211974967125,-4.556716577969573,-6.13482602202132
58,-4.81827931436512,-3.5065922943311985,-1.5403493231374705,-1.4288803839501787,2.30681222206535,1.985445083283663
59,-3.663869691283685,-4.721912377495214,7.804287386498216,4.259608793691068,-1.0464074412704507,1.8036957114196603
60,-1.09737990043649,-3.6109718071675436,-1.0769700039641328,-0.38689315145069747,-2.9801553089124226,-0.9068169152911829
61,0.11106408843044457,2.9983895521013437,-1.4284233653167417,-2.981117910045503,-3.288977794554554,0.012129359159434139
62,4.714972975506426,2.59047892182783,-4.82201573558707,3.140935517763791,-5.030445639118916,1.3562897170570305
63,-6.917851112763408,5.0129141150822925,4.114878939340811,1.0786954629400594,2.6410327378919733,-3.5167217743996813
64,7.956027084451816,-0.6508036973585591,6.621390866187957,11.108891659773825,-2.307108230320039,3.728644947899546
65,-4.110807842363909,3.0600609368900367,0.8160318978021974,-1.5681103735444804,0.07272857241708908,1.0812511816714532
66,-4.611642862647445,-1.8204741338396575,2.802432800388686,-1.4478309999449963,-1.398592598314406,1.5131533990100912
67,0.4367007896295562,-1.8745393032819841,7.232547036553464,4.83051887143905,-1.02135189293086,-8.514403088940444
68,18.02327502217833,-10.552339497962453,-3.1217350395284855,-6.034508873790758,4.246690004942639,-4.3870503504086145
69,23.636844139308597,-9.339983722902288,2.291243504094575,6.219731068920896,-9.560551248358017,-0.744971302638652
70,7.2760084371304075,3.857541034014657,-6.5138221619234375,6.175811895698525,-4.8361839888501095,-2.307320686726554
71,0.86376738996834,11.323627302348074,0.04272924379032024,-0.16063992897470913,0.22473934406181167,-1.0040644559965972
72,0.5068270477163961,-8.38623338024556,-0.36328187908670473,-2.3814324588092757,-0.8482913200753242,-6.210528704376076
73,3.7048599445512123,-1.7389512267688718,4.414607829602996,6.838990862619865,0.34252665530442383,5.911392033245269
74,-5.998751635952292,1.0802930029038915,-6.313268291888245,-3.7203381765003027,-0.53256330500548,1.14559105312525
75,-2.0965513970901175,2.9139670239677034,-3.170546731773604,-3.2323765115122516,-5.670767835762988,-5.406332748589042
76,-1.005457518028056,1.4856730878626203,-1.9182871580762157,1.9611963327850659,-5.880916985674395,-4.3334975024625955
77,-4.385111725165016,-1.2782572157928815,2.9555840295563938,1.6777736008903779,0.23615768444028512,-0.644539055704326
78,0.8733155848386662,-5.143572007246803,4.822752852165998,-0.16616520005957292,-3.14330951100449,0.39095736303157164
79,7.9645057627107825,-1.7704075531011667,-6.476355549174867,0.0007295594889568102,6.601925691249973,0.3323644076243808
80,13.415679960816425,-4.680804851534787,-6.668557267782408,6.16516377902803,-1.8150547273897863,-6.32978647674976
81,-2.2410183711063665,-3.94685011156421,-2.2417590169429387,4.3360074558851975,1.155313451994143,1.6588079281663992
82,-0.7416263633006978,-3.701445894177429,6.318848238299067,4.0895111548170195,-2.5454973422818226,1.0691032080558873
83,-0.1772516371764019,-6.700999897189954,-0.7228277172483795,-0.8230500200353723,4.061890175059547,5.248363867347089
84,0.557696921990541,-3.6989615747594504,2.1825553410774883,-2.6044800631582214,-1.7659725602382643,-0.013934104833067007
85,7.933740782042907,-2.662214090294574,5.487845136981284,5.353253340890492,-0.30779019243673345,9.901110583732226
86,12.035414451574116,-6.744847980258569,2.4596479533543176,-6.335235376428291,-1.9450519503987704,-7.934066997372568
87,-3.9644460871282527,4.834479312081948,5.266520238605309,1.0596080233971243,3.908649757724067,0.7254486980232491
88,13.332857829253749,-9.877521856984115,-13.63455272255207,7.474634088059356,5.707893841775352,3.352844971258563
89,13.442867722497114,-7.453168386180495,-9.126710807571989,-1.8727519892257223,1.6845068424663556,-3.822868462286451
90,9.843398680460087,-0.8825050273229738,-5.673930536032987,3.0653412055143625,3.629826013628599,-0.5854957317454257
91,6.06587622945666,-1.8926664228554033,-3.2551774120936443,1.5447256695607412,5.1085509250463375,-4.150180601384808
92,-0.05008925830205241,0.47571372582846516,-0.7212505363117644,-0.6830260654608418,-0.25969790442213153,-9.312059125496287
93,0.22157157032961966,-1.8091635320609853,2.3500268121042165,-2.1391856276350087,-3.9476880918021395,1.8776518130085265
94,0.6570482392834317,-2.279244273215623,3.786301258506752,-1.9280429624747817,2.5392212439498545,3.623521882421505
95,9.878884977094987,1.198190846715189,5.134927172562472,-2.087054222961172,5.201583437290862,-7.958054602907686
96,-5.715463789816834,-4.7822539983860635,-0.45402448983890936,-2.2190175370287353,-0.6926969862683978,0.04409034144631463
97,14.519617509293989,-5.525025490547974,-3.8770513000750366,2.421048489051336,-2.7133623501340907,5.739287976900883
98,6.0598819427751645,-3.9861682315911136,6.669627140304613,1.841058968055183,-1.2722519667173717,8.527651464082492
99,4.986460898142697,-2.2318178975660237,-0.5587805749810713,-3.538762838917859,-6.670386590370087,5.800078073210899
100,0.9941040771205749,-2.253343415823922,-5.875610978982202,6.5461379093645435,0.2069132774359922,4.045248504490215
101,1.5995417845105024,-1.5411302725515825,-3.771014495531773,-0.3578395610700047,0.016049375673846178,-3.810139209655306
102,10.441985679244837,-1.927865068727176,-10.19091753736013,2.6221638691415077,10.984130719726174,-0.2931433424764245
103,7.149878265024579,1.2095889150296073,-7.235867058362626,2.176353936976093,7.674425146012066,2.852208706057736
104,-4.599172539917749,3.1066185211927277,-2.7261618246153843,3.59218711172974,0.5669052243601014,2.057438340983886
105,-1.0953400684912173,-6.647992950836231,-4.73297771095319,-0.39703544083577014,0.18424125574881106,6.960584744491244
106,27.479714241613767,-11.179688011884203,1.6267035126617404,-2.179246898308992,6.158392831135363,-8.302019032949184
107,1.2615438006883122,-0.6037134890304321,6.062633949544493,-1.8743826151185894,3.0152925901017484,0.1431885908920396
108,2.6522979332383123,3.851570286737787,2.150003632028727,7.180720302547485,-5.860753486136765,0.5363746849198253
109,-5.469700398359583,-1.7329179563341384,4.307833202735192,6.5828755561086405,-1.0000972532611039,-6.005628770023396
110,2.9616553398673195,-3.134004679644457,-1.2349474204217044,2.7714366368922683,-3.3611433749859896,0.23183399400508398
111,3.6854765700167547,-6.37002019355176,-0.8001507001540147,-0.7922006779928603,0.06548110719566402,0.7747234569099423
112,-1.1880952071162538,-1.0185462508618603,-1.136927925637934,5.536435566536047,1.1016320826006745,-0.6552802964745448
113,11.70528234308848,-7.272068074606235,-1.916469021654673,6.762999829159402,5.598468479105555,-3.4138044341533034
114,2.022029065440334,-2.0032228084051997,-3.6373468880851583,2.402707186752923,-1.1467647744260023,-0.2564005292529248
115,-1.9117506269206397,-0.7596921040538934,-1.5853332419265733,-4.502833835587896,-2.2502412963988316,0.8206166950450865
116,5.61175328331295,-1.809238547883243,-10.157124327087171,2.5927274579967263,-3.7534861750975996,3.545911422858025
117,0.8491362796092701,-7.9642651946444705,-0.523552037417655,1.5501027533757474,-4.171957373049928,3.2843920083334783
118,-3.428997231380338,-2.044933590830705,4.237277637520766,-0.22504722712079112,3.534799188564698,5.740533172254587
119,6.657488490179834,0.7077570874577879,1.76167185421295,-0.7854972846958381,0.5619168360051248,-0.9067598718104102
120,-1.3628721538635122,5.320938193185192,-1.9610597835519181,-0.5613144111973889,-3.4264656090669403,-6.415224445749938
121,10.057385851405249,-10.021839687036776,5.53603682827439,-0.5763164670491888,-10.636384915397551,2.194448582028993
122,10.655629801867379,-6.961873134268506,5.376159869921047,7.5757174059330445,-6.173699228153002,5.541062338362248
123,-0.5562250724433615,7.062993688691073,2.1213232453247297,5.53177110769257,-4.02392854709459,-5.8644996049239815
124,-8.579735225545008,-2.512778851874733,3.1642860318456676,-1.4002048769022029,0.007047566139182226,-3.159779753019352
125,-6.510836987812595,-0.34199368069485203,-1.5760197535029419,1.8250832131789814,0.2821205732285597,-0.8660922493734293
126,1.7987763338211158,3.7524462824301406,-1.0845320964431655,-2.794822587630006,8.189446768997653,-0.42827889822784015
127,2.2232394541065306,1.099311929311386,-7.136903903095519,0.2064149209158158,8.895610404642632,-1.9343035262286583
128,4.799180669030675,-2.8137203858977773,-0.8218246425484281,4.102818752798633,4.047079998820043,-1.6503894500651906
129,-5.60274890072987,0.18241671445783947,-4.437706352282441,1.2341663026643666,2.255764645384578,0.8255547509384129
130,-3.1410867870806327,-5.105312853637309,1.3242250091050527,3.259458432070038,-2.4812503208614554,-5.092887185002228
131,15.591815985757162,-4.603952086948181,0.2317390885258599,1.708394039051568,4.241435741231584,2.773075311102664
132,4.483270579577072,1.6980622239971626,-1.8277028669967557,-2.354496677818039,-0.12165714281077239,1.3271573362552802
133,-5.2959663295371024,2.7090849601272167,0.8197593791529402,2.7174110866624206,6.193197457417505,-1.9020923574613786
134,7.906135677338721,3.374088369322368,-4.178610341515325,8.787982618738708,2.269281332484447,9.039962599927907
135,8.24547878979439,1.8893110436568457,-1.2871653996919366,-7.0971863777687725,-3.0120095720987137,-2.8932995260842382
136,16.558383652099316,2.9222870613204917,-2.2021351660894046,-3.5693443838665786,2.229383717687364,3.5234185440206915
137,11.836461337539692,-2.5008753773752677,0.8346397865474695,-1.6580543125715694,3.996799070325627,6.767174507040796
138,2.837511016993854,-4.8618715167451665,5.1163674168939135,6.296647829695072,2.0033004870010105,1.8490874690342918
139,3.123159486857243,-3.715011923975041,1.1325507596715503,-0.5254631413126488,1.5331659882225912,-0.19253085614739118
140,3.254101103631709,-8.830958849565551,8.225904023293076,3.1411857258016793,4.98857310835261,3.5544375779290416
141,15.606108596197979,-8.918622348337728,5.823139352458542,-3.101357825728727,-3.174341060394692,-0.6052479515439082
142,13.106494260343027,-0.11088814107894862,-1.6963763267652778,-3.8395013526964292,-0.8475420499108752,9.359967549127976
143,9.103104956523794,1.2809919646596637,1.7392898729119897,1.1699082764539341,-12.98105730707059,-2.0166693951377446
144,11.64970248153135,-3.4318870661799195,7.866889313369371,0.5733171855669822,-3.79466843830341,-4.307779208938803
145,-6.755325942271206,0.8457032641145648,-0.6380673075981511,4.668966027729777,3.443451751195441,-10.258756960841044
146,-7.829365641967335,-1.519410978555717,-4.934258921384512,-0.31356535563450216,-1.6133022391330836,-1.5910312156370774
147,-3.1387825563419196,-5.14086013339673,-4.62992502131112,3.4514516462516194,-2.5531826647181277,2.0875082412132597
148,-5.367960164831086,-4.90020809790869,-0.49106102837233623,-0.5236173340571209,1.9529529022929601,0.7027828009936461
149,6.72718072550771,3.4693101106426862,-4.639158836884502,1.0403053027883638,3.639213013388692,-0.545489919526892
150,1.4550884821649999,4.237937117105957,-8.241511579841386,0.8172164754894287,11.658550944435607,-4.986545543585046
151,0.4087804048428202,-1.3309233244528595,-5.391841356881437,2.3277169028624582,4.186441225917583,-8.113100195732997
152,-1.469500010526962,-3.871985834465593,3.4313313450124068,6.2924923146944955,3.8137590044060405,-7.4960133282505925
153,-6.160475134438373,-2.6949217045425775,1.767556622694087,-1.3378506880311254,0.19072737667211992,-6.999207280611256
154,11.32711206367603,-15.221183834141168,-5.440597438023331,-3.4462233157040623,-3.935001951102439,-4.28033102356607
155,6.911131770952276,0.5171917433309994,2.690525113452445,4.609019247979288,-6.594453137555943,0.896132917048768
156,6.23248900388276,0.007419106578659296,-6.064513613697184,2.1930994230331953,4.209969614809764,5.4679354132346925
157,-0.9740764235971227,1.4737767280378427,-0.6604345278161277,0.921550064163649,-1.5783557979921836,-4.109823549519829
158,-2.797254156912313,-0.38336863351403405,-2.0939653998235337,-2.8894803479153586,-5.680956727397038,-5.018339989105057
159,-5.9130597102329965,-3.926978075013904,-3.167596324076276,0.8112710732667029,-0.22236364743622017,5.259568617753464
160,3.801737986908866,-1.7185539905902598,7.392721678824041,1.0226417774973906,-3.496927916881636,4.6167237488785196
161,-4.52190086082538,-2.8285884187694372,0.8757476228247388,-4.790639343188962,-1.0483657650353042,0.35961598221724633
162,-1.9642297264309898,-0.7937041165998611,2.498903173012147,1.1646576245471412,-1.5489594467017378,4.410374220068114
163,8.599688802333747,-3.0573011478570273,-7.0182576556147,4.06858572728173,4.820692990461753,-2.5486554822552794
164,2.0425537242686014,-1.713556728321488,-5.4146415350371315,1.7775274497063158,-2.889509843188198,2.3955897314266106
165,-5.3048283734643,2.095747157247437,-1.039281759112873,-4.369429292848775,-2.3438795608715797,0.8031923637646906
166,-0.814245770491339,0.575576019343326,-4.756683559907815,0.7208786475866137,-5.875541499004232,-0.15818302663937134
167,-4.986590840685409,-2.5124332444735895,1.1337218911545524,2.623277053860321,-0.41019421905010545,-0.3096998519621622
168,-3.8042785907672436,-0.5263223496456109,-5.137120826751481,-2.7189199361137915,-6.0777693468062415,1.5991563097803898
169,-4.732675821135265,1.7246181554756408,-2.7207975983007704,8.809788404565012,-1.1689641664080246,1.526096977904062
170,7.549145044694216,7.665755965321946,-2.5022186203196064,-0.2353729131786224,-5.845526419983816,1.2663526152112599
171,2.4420691020532157,-2.377113802559019,0.990266555556516,1.411472746211504,-5.473373116886628,6.124710409473168
172,0.8473143937294741,-2.78217544078867,3.7897907749920368,0.835663981485339,3.518739959624029,1.2894670971647226
173,5.799951764981992,-6.442766063333339,3.6474728859523227,-2.0094832309865533,-9.358490607804113,-6.420814491935761
174,4.074450601373262,-3.894361256021488,-0.11737798244579217,2.271001886602747,3.43757820879846,-2.4056571429342477
175,-7.005897665574238,-2.124000957883108,3.5918054167565323,1.3229575092641996,0.4487148591776148,0.7353641000848513
176,-0.4862875232514949,-2.1920613646889704,-3.7114779291848925,4.921568096144895,-1.095054449320005,1.1625269967568843
177,-4.318882496768307,-1.5769610594986303,-3.6226635527210465,4.211418366061542,-1.20064445832014,3.6668989047680847
178,-3.6391110819850825,-2.116010914029599,3.7757841268966543,0.15249728191608392,5.092415276372243,1.9457543847251846
179,16.875873765766503,-18.778176601474875,-8.838302922029913,6.600719261605574,1.3293212621801094,3.6177082171065567
180,3.3019087023764535,-4.52887730108563,-4.033165530418752,1.2419798802072424,-0.93369203411747,5.915677975924241
181,-3.6676491660347263,5.726183933587349,-1.1073455811953619,-0.15330275028354912,8.195510674793095,6.025508558933999
182,-4.503924285096252,2.058547624177585,6.367985582008364,5.664454278976221,3.941399093679001,-1.2010527966699893
183,0.3850199166577206,1.4854624946006383,9.580867398223607,6.122652765260757,0.4446523149588887,-0.12849779854264431
184,-6.979584594814824,1.057191070622833,7.062678212422597,1.4879853251992534,0.8773375719214979,-1.5418680254009915
185,5.316372793890355,-3.696271239752825,6.879706529871399,8.608268821592375,-2.328085668288803,-1.3418356710764665
186,10.455962194593084,1.6855331640648865,4.118039100526573,18.770195239202017,-2.4070427189472174,-6.083876764358018
187,1.5321304241180544,4.0412121332159465,-6.023301097342138,8.689148203173815,5.80490042425593,-7.4802627497432415
188,0.7483590487787692,9.730646402435134,-2.8576513243389465,5.904944408769866,-5.57412045080715,3.162419553768106
189,-4.928967416639799,9.101671701906444,-4.6331730669171245,2.4979692630545407,-4.682997948484892,2.46611692774983
190,3.8000982265919236,20.406324324692086,1.9686445068696847,11.252723353567209,-8.79809131640778,-1.9032396444972184
191,-3.1228566580520716,11.289029559957283,-3.8039385781019477,1.0977824797636053,-0.7058425651942999,-2.279118428971882
192,-6.033617377070816,1.8662839998016376,-1.1035025025143739,1.8228412019490579,2.4069566443707506,-3.5855598967860747
193,-2.828245311902089,-2.9250614544637803,1.8711673694123576,-2.8136821943457653,-1.3621702978371413,1.0022205194925755
194,0.7924853479386664,-2.2298234147749754,-6.640064997954322,6.474761056166846,-12.021500805802562,-1.4542372137250232
195,3.7869629071889688,2.0778252025290933,2.2998167151850675,0.3598591859394644,-2.219491276258895,-0.8061156877923661
196,-5.01956377094006,1.432413923991584,-3.972474519864604,-1.2115300988027853,-4.393840659826584,-1.3457720025733881
197,5.070128079331083,-2.474866979556992,-4.673142358566697,-0.31693254422553174,-4.732987787815235,2.960985322206805
198,0.14863029574199005,-2.245067565666972,-4.670456324615236,-0.04540203791257021,4.370911003891932,0.23589740037187168
199,7.257427375539791,-0.1664192420098886,3.4948114266333854,12.577277684654678,3.1798029028816623,2.161931886748895
200,-0.32442886523171033,0.9498148884879539,-4.372578075841365,0.6564545425830148,-0.13972358141646846,6.2963406899667
201,0.08746901354774139,0.22793730431181292,-4.420050771246999,0.6785704319047974,-6.726300117091666,4.284743222223646
202,13.378256508573035,-11.415670847531572,-0.10109969020079757,10.74221461575474,-8.449576672856773,-3.3683914407124917
203,0.5991178734095426,-4.1912825631510655,3.267197860367272,-1.0991396691035238,0.1860667224615033,-0.34189371254425927
204,0.8509525671100777,1.3424569980663734,4.893009241603931,7.152546026439196,-8.78935918918833,4.955341370991061
205,5.488365836834531,-1.2359502913581433,-0.9934079756057559,-0.6532612459063512,-9.748118696793075,0.814662859325505
206,-3.9740480619250214,-0.09249126338190128,1.7806980435603426,3.3748658178696043,-1.3997978380745901,2.4679783729608533
207,11.872240526682035,7.576773957822239,-0.9657767386692041,6.088436472323775,-0.9449370586719649,7.565247219966171
208,16.142386854350327,12.296947726005978,4.0348702405907515,-11.255078426203482,-0.7864508532264072,8.841679697684224
209,-0.32559181600817966,-3.2807377388547847,3.797138242843694,2.5369819600697663,-1.4466862689527118,-0.3619024742469185
210,9.663900842247363,-4.256982872318896,4.249528726623965,-3.8341547290752054,-14.550320833319565,2.942626163112349
211,1.3837741282055354,-2.8594613811985674,-0.4502889736696258,-1.4508240753709534,-2.789688367995599,5.923568822707688
212,-1.932807713464912,-2.1989680399637965,-0.532190629921975,-4.666845764388702,-0.9226677811139727,2.4077677040497223
213,11.048152413691202,-15.90187374824738,-2.182016353178981,1.3374106239353645,9.030594491280398,0.4412506555815128
214,1.5028835646373335,13.1862538649657,3.609895188129464,12.87338536778529,-1.2994668619528893,-2.227564797639563
215,1.8726745777293654,6.366764473547029,0.20341859365672532,-0.9268520026683955,-11.364057049099744,-4.531495329887307
216,-1.0813553542496872,1.0515687119834247,-1.9836331591959557,-1.6921366430050124,-0.9235594951406466,-4.8255550736786805
217,-2.2305231221658333,4.374503780749732,-3.4561515496077413,-2.310255951800153,2.326219497960918,1.2435539111167242
218,-3.639672042307371,-1.0138001609465241,-4.9546803544202636,-3.5885015429019367,-3.3702701683460567,3.022453304286379
219,1.068420307792603,0.8833010350490587,-7.954459596574137,-2.2222406907738987,-4.414140692134841,0.43205704081115015
220,-3.1109416542906767,-5.0269981257888325,-4.911484729154498,-1.6008810002640015,2.017435037440666,-2.2836614447902095
221,2.9365700293187365,-2.4825707034673106,0.39752740989423474,1.792298283415096,-2.031903363708995,3.3578566499002678
222,2.204349505572684,0.9990902458431885,-5.8979911308902935,2.870079663790883,2.7969570405331905,-6.0256457794517395
223,3.285702493660539,-0.254874454781582,-5.17414462081949,3.4583427595963303,3.464110199371442,-3.386674616513837
224,-3.028785689021219,-0.9322885082755169,-3.2762503670310785,2.230397575529703,-0.564893453146525,4.416620766354871
225,-6.844650297433002,-1.5593455817108413,-0.2581988484312313,6.411191443714483,0.12348203737029126,1.4308823781098372
226,-6.051613572522421,-3.837292230794921,-3.165731995538263,-3.136422403445645,3.1542219484234884,2.571317303978776
227,22.08537077796118,-2.6017118117866707,-4.5678058245078335,-1.1569907466891565,-4.085683516663181,-9.961623257092667
228,13.00218228104563,-1.2744286890828405,0.7503303207021532,-7.958224092312024,-0.8041462817988732,-1.3730156497598143
229,-2.426646925947989,-4.14655496390272,-4.508794359864523,-3.695812741927737,-6.500940596633467,2.6741323935765524
230,-6.656428258283384,0.746620014360373,-5.102089239041014,1.1116170390833366,-2.0970279372813483,0.9859730984133628
231,-2.955184658173261,-1.95826341251454,2.660844266927832,-3.017927068370427,0.3938974036869397,4.789495947284994
232,-10.668247469189613,-3.883046737055259,-0.56724533928787,-5.36002541730709,2.658449242823584,-0.8533019681238383
233,5.250262481023875,-5.945097706695813,-0.7449076790321708,5.045983015419705,0.11917890487004482,-1.150099354246028
234,-4.435026172205454,-2.88446141530258,0.7116409455551491,-0.7723358972494528,-0.3386892570999382,1.8427888649358013
235,8.381802176288728,-8.454004207873666,-3.311636668558232,-3.778443525303889,-0.2089005754288431,-6.928318075832787
236,2.2599236118531225,-1.4785253111690948,4.105460329266941,3.2580054675623185,-1.6955599994398152,-5.973105727364521
237,4.583392518719193,8.993679392131359,1.6140353316807152,-8.013753976378354,-2.839953310481377,-0.14954394493897571
238,-3.4505536944561923,4.2884377760570045,0.023041043980689846,2.9109356924157193,1.2278354685252886,-2.5451281640901633
239,-8.521571007927049,-0.2628472064175771,-7.5037963482432675,-1.2018686624225143,-0.29564263218038334,-1.3004560067551236
240,-5.030443663198516,-2.287516878477857,1.8776284907144645,2.9607995079954645,-0.8109963186378925,9.28899604387607
241,-3.0334931937184564,8.72080225800823,1.6681695125679814,5.285534372091187,1.5684284763828336,-5.2487803589748285
242,-0.46134950143093706,2.9340161620528837,-5.56732382967868,-0.3716479844038304,-3.780141942690285,4.075767445803118
243,1.4110971166712454,-1.3472355603488477,-9.266278717556492,6.83288323193082,-2.197308730810051,4.742013201024683
244,8.224239535546504,-13.343195782602322,-6.856213599825099,0.9082530729790607,2.4921911684173415,-5.03639353456979
245,3.1120125485083134,-1.737699055106941,0.8166466195964229,10.496141339893931,-1.9825838610400495,-2.918926661460336
246,-9.750164991641107,0.5811529276039966,0.8353872679143394,-3.5921387900228305,-2.0035026565839096,1.1188450806720005
247,-1.5076347122374325,1.316137767537364,1.0680066167691218,5.918735913692865,-3.503298948103652,0.6134873763984594
248,12.280532044770016,-6.360536148113662,7.868967544344516,-0.044247199034587625,6.090738423206466,2.6504178903738707
249,10.921922550038898,0.5744217026593375,-1.1779217775994146,-4.006843404519359,1.030196152642147,-4.633845123409332
250,-3.3521525041292395,-1.3070819259241189,-6.318128800124521,-2.94285267928716,-2.9591167923674995,0.6390141570648795
251,-7.214557782956305,-5.318658982764332,0.8962889022449616,-0.4549458925978014,4.183300279364795,3.0638231480168208
252,-7.682360543213846,-4.6251144957631425,4.108878264766739,1.3834258713841745,4.942471619388797,-0.07170404956960608
253,6.143648359790592,-5.130452480884456,4.952122516778354,-5.150708771496714,3.2965492118685362,-3.1983640006533585
254,-0.9592617656963474,-0.7009052069088743,1.259283111498002,0.5283265764470928,4.111804399817272,-0.2565576473003556
255,1.4114309519881507,-0.5023693825625821,8.350167502292999,6.991973130530086,-1.2457561072916803,0.0688422048622086
256,0.6552100601263291,11.07900841528456,9.705273729648976,-1.620525860045375,-0.16946088814132074,-0.2602048987838255
257,0.11677200049553815,3.0478355800173795,-0.11816532892281706,3.9435458047133443,-5.68012123379866,-0.3646621413892842
258,-1.3463166024200126,4.269614097578758,-1.18381643122725,0.5337707869081223,-0.8209135092239845,-4.814941321111878
259,1.6337604639442047,-0.007692070982853183,-3.6618261540609787,6.941892257096823,3.7407929428672313,-4.07770294802591
260,6.023617737593254,2.388879244020391,-4.264375799831249,0.3474631641989049,-2.80941181246699,-2.3806995023108852
261,0.43841931578390314,5.844718351657242,0.20271175673424763,3.0964045859286093,-0.21169189702381597,0.02016667448584958
262,14.046997320674198,19.655740909904477,10.986045060681747,-1.2263686657109074,-0.8309493009750453,-0.17034071746673404
263,-4.424935310027562,-2.747344174704735,-4.219394565539656,1.2130202921164388,-6.299593502318366,0.6139755434787044
264,-7.144223305985746,-5.1644967595762115,-4.273043204535472,-1.6465332252547435,-1.60888604405684,4.696929093031294
265,15.225280186083662,10.606136126793219,-9.282758779537804,0.2111974932378331,-3.195481484364757,-9.443641948267583
266,-2.150743570424607,2.3419177299379825,1.3723699326049863,2.8721184434153613,-6.257815596105689,0.5331443393344873
267,10.793610692848386,3.715078207607691,-3.2065003771632306,6.581376540228026,4.506729855181014,-1.2415772222440964
268,7.131732078127577,0.12412413026829894,14.069694861351316,3.4395047171387665,4.211993235457431,2.693696009876153
269,14.920569778963666,2.1067769260523646,-4.397612714992615,3.6038923757347736,1.664335037284289,3.9049161555900067
270,-0.3019293920910828,-0.14329039021381149,-2.4752659888295465,2.5264098508677835,-2.587433420819237,1.2587142596443697
271,-4.672012550214097,-4.932474387088123,1.9565873457279321,-4.3325511608242255,-4.436715679434982,4.269709734103356
272,-6.229992174580717,-3.788364598369782,-1.2449296897007183,-2.0147630264832674,0.2749512169544936,1.7067975883916473
273,-6.265066276923206,-1.130679474505089,-1.3790116154653793,-3.862811297580211,4.909572589184294,4.86132695274419
274,7.028012684469314,6.643399131606957,3.7334227270145477,1.3671844557958492,-3.325316523210348,3.0983786105139397
275,2.4786632725760516,3.9694542567856272,-1.2791263673896829,-0.66974118743454,-6.636691249568596,3.7963460301902607
276,14.021432432986401,16.76138732667822,3.7575324853093566,-8.252076769213023,3.5117252412680906,5.623697730860737
277,1.768474079600849,11.407671763341892,-1.2377782321469168,7.797278958789846,-8.020840599378298,0.8841442632260327
278,9.492288881742558,-1.062263991894674,-1.072166545522582,10.02434310183427,-4.0590851388425655,11.652535197703443
279,7.6001805765184045,-1.6243554515606766,4.42198953174081,-1.872070891453082,8.251986368355354,3.3063461446391944
280,-1.7735701602342258,3.026072931687106,1.1461256642636295,0.29939269281985315,-1.249872201939621,-0.2052932549986095
281,-3.4477896698093087,-2.3720029840879167,-1.5852962908648423,-2.1830468234680387,-3.581574556679042,-0.6647150032572171
282,-0.3117170181036908,-2.688691968126931,-0.15516860553852946,-0.4068027316920627,-4.026797457737531,-2.9706630034331534
283,1.646184260399076,-0.35281078079570083,0.9889933496687238,-0.845880328857848,-2.208841572296037,-3.8931517054805083
284,-0.12121136031650015,-4.752979223336528,0.9472492284471667,-3.038796082168706,-2.718767157995571,-0.22385898988975672
285,13.691955334718752,-5.116360137438146,8.882883487983406,-0.6795503538360754,-1.4448521996378225,-6.32561569832248
286,3.5406238677909347,-5.144430009287742,-4.230539526883595,-0.5660581922878172,-4.416966612930209,-0.7107767276435998
287,-4.897943531092866,-6.509794507609627,0.2053181594900496,-0.8819950002736342,-3.00553145387196,-2.9627571309182494
288,2.6761306549997013,13.088954732969192,-3.8223957247778513,1.0646045332191316,-9.195026730909861,0.9739229101205193
289,-8.174531623539547,-0.6378700122488232,-3.8580899436388916,1.6112580921805053,-1.4263215755603147,-0.20912429966091284
290,-1.4735393151506622,7.433555922204182,-10.278693613372884,-3.0222363428639034,-2.5646533179617204,2.2846894901574486
291,-8.122065263673187,-0.6223853251748128,-5.056226198357988,0.7251502029746727,0.3443419800633942,-1.5762361725223997
292,-2.636488722263841,-7.152715517983079,-4.786354325975746,-2.0213737135727485,-0.5543927823772625,-1.5874869084530872
293,-10.42322766076071,0.8528059925118856,5.475072795324124,-1.177041157801618,-2.0444370328411634,0.07028427595572664
294,-0.4661401705348622,0.5964689704178623,-2.1892388898450426,0.25024605989501236,2.12734457581663,1.850269959702454
295,-1.3352920232728223,2.484845208562935,-1.149920371111091,3.010469565618593,-0.8128155647805274,5.39739923913518
296,0.49893143587830846,-0.4583389068743785,-4.195947193866687,0.49316315132072464,1.8714089243344936,0.3857652559981041
297,-7.320888987049838,-0.20400232664590146,0.19481494109359887,0.1740698517142646,-0.8025797143550392,2.822681051898334
298,-9.242464359215283,-4.125166113506047,1.3682287706285348,1.3125905475105397,4.1586820882656355,-6.268060762746824
299,-4.7480587516690145,-0.6121018635857827,1.4658829634681518,-1.2608711028957547,0.7830130106887658,-2.50617406064055
300,-7.339445288918192,-3.6781105532696867,2.1445462247440514,3.6528762111505912,-0.7546815568153783,-5.868010838725403
301,-1.9079091967232933,-6.070885535488436,0.7737437684996731,-1.759076387214809,-1.3642080625536792,0.5474483332884492
302,-2.918109296303119,-5.729675885704582,-3.7332440658486146,-4.244729247032519,-2.7637582817413757,2.7485794063353315
303,7.269838112736016,8.535295952540789,10.57172722321706,-11.550378432676382,2.5869626183855168,1.1306323938887606
304,-4.361576784959437,1.729736039647729,3.297563205638463,0.7768216191347661,-0.5489084720759829,-4.117243549585604
305,-8.225167338010001,1.5311947702863526,1.4255338628049439,-1.6048845331626735,-1.381551902541116,0.5524416196156402
306,-2.8104216548959764,-0.8775963142108647,0.4996802911726376,1.1368758152403096,-6.0559182564968665,4.4721785363972995
307,-2.110410009931959,-1.5528861386881743,0.3433282571825238,-1.6255358502598465,-0.15515158601707546,6.432138688008063
308,-4.51852061114621,-2.210146364229746,-2.330556267239224,0.6455654357513001,-3.3193126035854177,0.3724010762747302
309,-10.364088159764421,-0.8110328809296272,0.8816113593788812,-1.7177718061102076,2.207351937098013,-1.5933914539129832
310,-0.9911713023165669,0.10649682579068909,3.2066597842542377,-2.760831933259538,-1.139442933232165,-6.766676837741607
311,-1.2419781125420477,-2.9936577982434645,-3.5079128218372473,-1.6396078414193709,1.0456003450967766,0.8585840305063569
312,3.6742238223363466,1.4048305826239638,8.017549025299246,3.283226496085062,0.6983490948484714,1.6849268980914431
313,-2.148792639029229,2.7007410428408445,-2.9082388294263435,-1.371842121915693,-4.695937689667268,-4.157896817719375
314,5.445797955744858,0.2635298361237579,11.089080239866993,-2.7186675567466527,2.461666362503518,-1.1162735145900557
315,11.698066151320571,-3.068329706587807,4.144584400765065,-6.7702075953049565,8.82001225710181,3.316055461691251
316,7.741600759735497,-0.21766534325242715,0.8256308848212943,1.3660437938016232,-4.064155791349351,0.49381345013329714
317,0.6527701810307618,6.120578155492929,-1.4079513073646257,-3.4311116924043343,1.9221547777426644,2.857568759859028
318,-9.07230188996083,0.15103227736005143,2.5096556601393742,-5.8746515711953275,-2.60727994715859,2.4570052298499654
319,-6.45117356348997,-0.1809408177087417,1.940427908660985,-7.741461345371744,1.8810881997938473,5.2752027981119705
320,-7.646051377742561,3.77534649326541,1.9542369265129054,-5.022719597385151,-3.3894654305423395,-1.9935179148427842
321,1.0936791240636097,3.2188613321538533,-2.7889476738105623,1.3657715949383724,-4.516825209341522,-1.9365306309044286
322,-3.016016715533219,7.533363557822726,-5.752862578074279,-1.3257605817321192,3.3982548059329742,-3.908035285320877
323,-1.828669460134253,-1.096372063332626,-6.8323559233054825,-3.791259597692992,-1.9404096559876411,-1.8766203872561156
324,-7.320548510535723,0.4717084663002047,-6.978445569061371,-2.365201894168959,-2.618270012238653,-2.0978720479793003
325,-4.237481494551115,-3.4807284926348854,-1.8545473567360458,-0.9990186060628117,-3.747978872588994,-0.5423921582976583
326,-7.548394532356824,-7.737226848221189,-0.20050104074637998,-4.630230594322743,-0.3704108515578418,0.42873050686310266
327,-7.083369453592799,-4.868000104104907,0.1486929946514679,2.7530444669560517,1.0559869471999233,-0.28134775471488216
328,-7.136231037241306,2.565328241973051,-4.80783932035262,1.385303183259639,0.3481051887770885,0.5575217230954141
329,-5.890739738300003,1.4370224760875048,0.7520205339872973,-5.068376723348273,-2.2901392704587913,-4.4852857721133965
330,-1.777116361068178,2.3674257549980435,4.648431941700989,-3.084348769676672,4.190919495178245,-3.1942308843632436
331,-5.378186817916848,-2.275579296295586,3.674105913775214,-3.083053786266059,-4.849007884051469,-2.23475824607194
332,-6.651935500638784,2.593971150351794,1.6427166730281075,2.64482586323982,-0.019854321447480505,0.4693222357824326
333,-6.95777813604582,-1.24928837854029,5.5659761317372425,4.242422018691778,1.8949679206914487,2.532854601219575
334,-6.453310197809952,-1.6476038039385656,0.30184913072067165,-1.4964584334257633,4.836343403802328,-2.988752677745206
335,-0.2686287251726964,-4.103518030428598,9.12038908147422,4.060186744000313,-1.0943011931624351,-5.3983510146406495
336,5.444499585191577,0.9888385045589987,12.288538145588324,5.524870487376033,15.425397708263361,8.632005812310343
337,-0.2345488877796007,-1.0675783329990418,10.931689517480471,1.650029561157186,1.2078556068894115,1.0097109347325053
338,12.089497312598663,7.9849614311384585,12.649623230209293,-5.267760451914704,-2.051187536998142,-2.685070659815779
339,-2.792969194547858,-2.097908152671371,6.92755664482299,2.263506899689072,-8.177201543462617,-2.8721753812257385
340,-5.155846082726177,6.975202392944704,2.8818449632999164,12.777447640291959,-1.1853691486874407,-10.19219042493584
341,-2.5441888017390455,3.8017281623854307,0.6628708027188565,0.24969406707312425,-5.652223250209146,-5.630584057639812
342,8.74273908463912,1.6487832109784644,-2.4694795392808078,5.384390263791983,-2.4135442498182207,-7.870426682054129
343,-1.1279911540166667,-2.3442983952164202,3.425216656484299,1.7461226818551507,1.9188585086834822,4.226806780405935
344,-0.34742688882682504,-4.0657379936690035,0.10519002481469028,0.9543705457683118,0.4288838306531098,2.0406964549712976
345,-7.8537923299828485,-4.516928305824607,-1.5392434889240094,-1.9432004427951508,-0.6960059716010019,0.2171774919147217
346,-7.108170166439225,-7.006409983342736,6.421700269422017,2.8523205463583414,5.9251392993853,-0.1736444172439393
347,-1.958656342113908,1.2731296401941599,2.6059569324186223,-1.2635262354540355,7.455380567789508,-0.10516128162068572
348,-2.5381899047975414,1.2505432538094157,1.2944757353330538,0.6505429593035565,8.81338029894586,1.5771882820177274
349,3.530114869672635,-0.26220201376981017,2.390768012089433,-2.453483867954829,1.6174858644352264,7.596725857719454
350,-5.7444063520568145,-3.874904861346904,2.8436614180907434,4.599880550921325,-4.042635121448633,-2.511179591364972
351,3.252755030923019,4.624425134055842,5.6267926704343605,-1.8998282652720317,-0.19621005169063732,-1.3328127496712425
352,2.8467310744918644,-2.6008341228758844,3.6130697957426907,-3.3489649442071343,-0.885813831317284,-0.523401962331403
353,-3.973190234884048,4.583960321654742,0.11295169036105712,-0.48574459113056245,-1.2190266910621705,2.1384379635023745
354,2.741074093711294,1.6535152743675836,-4.340185424088521,3.7057406141980733,-3.08187184851172,-1.982372659994196
355,-1.531195575294384,2.896806521734889,-2.7124505512643555,-0.10807749914962028,0.6340223148718154,1.0852084385344754
356,-1.1505684461391987,5.837387700994574,-4.267585961764612,4.196566173802882,-0.3071857828262329,2.949095559513818
357,-10.699479191504093,-1.2022475967874926,-4.608165804643689,-1.7377429827168243,1.5080055373203698,-0.7362502501799563
358,-5.073265825703862,-6.182287349161283,-2.469836520398682,-3.4901578592753886,-1.1056418873410734,2.693381607593188
359,2.4610745812580337,-1.7724325186194934,8.399977833572969,0.2509766245559697,2.84721373401226,2.349626442768612
360,5.643076825047176,-9.29014795893911,10.595554456989841,-0.187097791645788,5.39362472201797,-0.8677730441267514
361,20.594927199963756,-1.884500516624331,6.651372296259016,0.17416551291387883,-1.8166751784168094,5.4014052436482585
362,5.621357096685619,-2.9327967708220744,13.668521526837631,2.4831943770876155,2.558049265362267,0.42748160939596275
363,7.958972742592111,5.091094881261567,7.682156376325603,-1.086951683492893,-0.7299615198580556,-0.4565931709707284
364,11.657350394308898,-0.07206284038507427,10.69402226749299,-1.6323842255961019,-5.90540384305591,-5.663232564528403
365,1.7759600177049486,-3.6173419600771783,-0.23891658301462862,-1.5752101909890168,-3.555910797013727,-3.3118313663218775
366,-0.5453220799460226,3.7129635107610994,1.275414706189464,-6.750537904324774,-4.6333742500026665,1.1347050816944375
367,-6.260054615114869,1.588665267629898,-0.3197596202770396,-3.3979240489785063,-5.312454063726222,-0.02021464867081385
368,1.0269078130392582,1.1737432452858723,6.706043440123515,-2.4481609884232296,4.552504559889368,-6.100560224199405
369,13.14956197718628,-10.1953352236693,-1.6689003885921943,4.908012467944971,1.3192375661809919,2.5595923464915598
370,2.4872676274723626,-5.142390825488115,-4.66481474521075,0.8552613498921722,-2.258412030265438,3.173473105382504
371,-3.2680618258736582,0.3875389308545709,-3.7633410739539244,0.12475618651513844,-3.5217237232895537,1.0261074522422693
372,2.713917622706335,7.032515301467574,-1.2873452585826177,-1.228936398670207,-5.8065226927129565,-2.2500739070532125
373,-9.148056894423625,-2.3653332454539684,4.668530374501094,6.632813671566285,3.0123967514454897,-5.236048473120281
374,-7.1989299970620575,-0.43524400293012944,4.213601101042665,3.8138955034378506,5.5018547934757045,0.3761127464532754
375,-1.9672833915659798,7.189936419623935,3.8774497397787595,-5.063235352865329,2.275681371124104,1.3903774550864187
376,-1.9929820299545955,3.7639752858025775,-0.9708902332254638,-1.7849108656996628,1.2325610728671488,-1.6549747737327318
377,-4.689837908012011,4.185927656848497,-1.4167784325104493,-2.962859151330384,0.3654822490396586,2.7389540745705836
378,-4.160277639112976,3.53378995643174,-0.822141474804545,-3.46656574806425,2.98486823270645,1.9260375649843726
379,-1.5521873154064105,2.8549661869884115,1.0836383718456712,5.713773019503688,-1.158728861352606,-0.9655813865916967
380,-0.09412612281457244,-3.0459201327628054,11.438786885683024,8.263967357107871,-0.019168808581129237,-0.5353448465607635
381,4.395329517593243,19.27622985446721,2.378050835456018,-4.039340208917708,2.6185710310786328,1.5079671745062655
382,-4.95017521060299,6.349893250181589,-0.6139950323733795,0.8271203408702182,-1.3060772451946772,-4.452031989098811
383,2.458816355522151,2.9099925086018263,7.257256373896325,0.11627553244321231,4.960053259406346,2.8036487263938867
384,-0.9557319840187088,-3.5306756475489443,6.803070391129177,-2.741745281318454,0.838129257110994,-1.2003094729980912
385,3.172100687675041,4.775356953207259,3.167722002404601,0.8034175984277018,-4.254484757133266,1.2444973380872648
386,-0.6563036902950081,2.364282021500887,0.41103548580678706,6.876099980365512,-1.2705816656565234,-3.093972809018298
387,11.19807682058068,-13.451825792866869,-3.4882157105761773,10.245878487405518,-4.935739864443708,-2.7262581111427657
388,-3.207054664488303,-5.13467269790519,-1.882654238350382,-0.6769715342556445,-1.9174374502668279,-1.5416189076088138
389,-1.5755615629225237,2.365980155387148,-2.744198101559312,2.0314763125660726,-0.6465212127918718,-0.06376561333792108
390,8.117090404722521,9.0176315228766,-3.480303580885467,5.543021913750145,13.02495600125862,-6.320749782260206
391,-6.517476794533417,1.9924499267860478,2.157754212947128,2.0294312199731923,-0.1147098783871594,3.753942088752031
392,-1.6961890504365003,-0.6085743624297254,0.8519960137604744,-1.3730667479538767,3.8188166105047245,2.7789191200776706
393,2.7876845605247835,-3.3617842415291497,-1.2965165834939125,3.7442559859567233,0.5813971640722431,0.48255064945384885
394,-1.9660634647909918,2.840520564095029,-3.994125627206565,1.6341210674786573,2.3198763746791373,-3.9562652167446206
395,-0.9012934477879642,4.787203452200823,-0.7744098461830224,3.0752272170517583,-0.3574804325361354,-4.115689881253103
396,16.33559646871718,19.60182063536536,-0.5678899906581589,-1.8956089611431497,-2.561525706118689,-0.0019579339859958633
397,-1.5205800233768252,4.826510164012398,-2.686190086880165,3.9886559292812507,-10.561199045243658,0.1580368491444617
398,-4.127144342315327,1.7447414435727504,-4.066027324550924,-2.3435481675783807,0.5174113382488643,-4.346080805550654
399,-3.0896859021732452,-2.366554467856326,-10.867392659209306,4.533646923716889,-0.955748262023889,1.813418120992185
400,12.054076954214974,-0.041897378145117514,-3.151343294720996,3.3972624500646726,6.940345171317727,0.749601855026447
401,14.247721635894049,8.836299910455386,2.5474081770896717,-0.3900799661481682,3.2161902611912776,8.854556669883703
402,-0.06299634287581293,0.26463850563097313,7.377155672315588,6.404379174210979,-5.5378932446428895,4.182482440062289
403,-1.7592720334068108,-2.77820766075501,15.279962501922398,5.434470198982822,2.0703698482790216,1.373241071048693
404,0.4292644665194998,-2.547996562526014,2.4309846284391248,-6.073230645977809,0.12099578618179901,-4.340641340858731
405,5.665650756050127,-0.3288301713290571,6.206640423405039,-0.8506402797613453,1.745517230219804,-2.299885775201664
406,0.0915877015106692,-7.459371465226036,-0.9210291671070328,5.3137299382387235,-0.19409610751519624,2.0585214358239687
407,-0.8784338780698171,5.3181434856349545,-1.3530644362754556,-3.386888199035111,5.7042611534529355,-1.4090397389457476
408,-3.3519787142464663,-1.4203788386762044,-4.7182114956750585,-5.189157592417188,-2.3584727756279333,-1.1593548564299248
409,5.634206777569722,2.1099817902168057,6.766544312433721,-5.628817651374391,7.092963511795824,3.6786569977246737
410,-0.22326877146217516,-1.3200639349845333,1.060108553757555,-5.788107129966447,-2.0682190708029666,0.12595048277145882
411,-6.64632322826399,-0.39731236142194826,-2.8152923977554405,-1.157215881551643,-0.7256840675079044,-4.6939679632433595
412,-1.417896272653882,1.9202995811421981,-6.036609797159132,1.383671584957436,-5.638008941139459,2.682369245396294
413,-2.481570577666959,0.004811889597409247,-5.406139833974563,1.6559865766680115,7.0715208064237505,1.0711600588557884
414,0.678174203209731,0.020350266345598222,-2.7391633608818635,3.8632155943683637,4.195954350016397,0.7434512435401506
415,-1.251041613737249,-0.3962014531846978,2.1823075238637233,4.100774715601217,-0.7337197717957478,2.146301616724829
416,-5.524516508156108,-0.893271116019914,11.86687244387147,6.33588325952638,-1.7556771014227321,-1.5990290948962458
417,-3.273374096222709,-0.7564940671298336,-2.9550199683836924,-1.7124027528120709,-0.466294141592863,-2.5967658144799524
418,2.200323336882227,-3.5988210476897837,3.1539634274353565,1.175397459358786,-3.4040984332163147,-1.818396556664537
419,-1.8819192158780524,-2.0938986851917796,0.8842431951804726,-3.674033204398549,1.0789822644684541,-2.4847842238688296
420,-2.3897177769737072,-4.350632996525636,4.830077127487686,-2.826594338753982,5.561087114232237,10.449868023791637
421,0.08203826655594271,-0.004525392583078214,7.581947665010894,-2.8952335514379537,3.494611454909094,-2.249477461590603
422,6.238924704805996,17.4217751206736,-1.0616860490847566,6.606394200240087,1.756690641077213,0.9317401227538177
423,-3.263337461673469,2.57748998615241,-5.48197860593686,-0.9907192745476803,-0.2476279869153799,-3.851776041210276
424,3.578028904090989,-0.5640870247112812,-0.6734118777126796,1.576196595232512,0.5636832246081963,-0.9336596704313683
425,0.29477088028364673,-5.91204871730897,1.0027874630779168,-3.9630561174391117,1.2981903500990515,0.9094746664618931
426,4.402305080636674,0.3738375907617977,-4.956766885311236,-0.6050673686305883,2.3770559732511995,2.2665101611791676
427,-2.301857613548915,3.6384471755292997,12.980074848981893,6.271597316253096,-2.370497120052545,5.248259438582312
428,-5.451866411132337,4.746414205020485,-1.0697151708298795,2.1038913138830657,0.07741395672262096,-2.8061784180753873
429,-7.4711280345913735,1.9932769143190179,0.8881515292652051,2.075148477313904,3.492144258385803,-3.472975928967757
430,-7.603071275258853,-3.266851947588954,0.46733598144039196,-1.8176062056781022,6.746022250385384,1.9398185608633889
431,-8.326995730937409,-0.4732479405342218,-4.936243148132818,-0.6190758981399747,-1.7128464104825654,2.9736351178622265
432,-0.025022748111510063,1.816133819133528,-4.4768036658318575,-0.41745498886807075,-3.2023820572961212,0.8288677642788719
433,3.62209045580996,4.124628081667577,-2.224123249197411,-6.4175033009942855,2.7757831573161473,-1.566616945506344
434,5.648034666238927,0.7885241101742677,-2.4008634495667285,-7.2626351631607475,1.6801116066565775,-0.6631844792451882
435,7.74439910267221,-1.465035611530238,7.457423114047387,-2.0382403131709452,-1.6513083800539765,-1.3355866773260034
436,4.502660679785641,6.478441805459111,1.1269358270437932,-2.5359910303251874,-2.2542860118508328,-2.2047944760361076
437,-5.235256305347357,1.4011424352940374,-0.03916719753786235,-0.23316479470705065,-0.4865717131159566,0.42114873480251047
438,-6.2506407632614325,0.9551730609619555,8.562432021026368,1.131123577368114,-3.4960536956299775,0.20179103185166536
439,-5.949636167900287,2.2364070965432066,-0.5710420269065368,-2.903343353547833,-0.23391799586486922,0.4509105079223841
440,-8.069263985578942,7.436187637257001,1.496820801344728,-0.9072265776240752,0.7806679409334875,-1.3298611504187983
441,11.583110823640327,14.808801707813448,8.726351890627772,8.025683531794707,-1.0747225256671915,-3.833774277571774
442,0.7173059937539588,10.671158826099479,0.13979966895089313,-3.2252372212261413,-2.6688512289091064,-6.123281066390528
443,-1.2126171712480462,1.569757626664998,-5.187319583980024,-5.649070981121787,3.066601529212586,-4.409585773599322
444,-6.124533130323535,3.001435362557405,-3.8030569371569554,-3.5214262139051087,9.729990794984682,0.33214910197540115
445,-3.3813319163758186,3.8905839891951377,-6.219381785304474,-7.9481706891313335,5.52124253520948,-1.654879409110026
446,-8.911568231524985,0.23325394964564605,-3.309795173817526,-6.82385856714889,9.214095244097905,-1.3369839373430112
447,-4.9863862263203,6.987812921581003,1.1478546960781575,-8.027260546231744,8.77416931072299,-5.841992435840899
448,-1.682113961765967,2.670660275592634,4.443703907537901,1.461341096854999,2.2774142746586614,-1.3742204694224036
449,6.588952674140849,2.4491987724315267,8.370808223841795,1.5707800159447918,4.048304367134467,3.142302200322524
450,-7.9874483922600055,-0.9548025608554793,7.1159005897973735,1.4276010729953832,0.49083475899264095,0.5901067708514542
451,-3.0917395607071656,9.36765681909949,3.3435231926882865,-5.209333871389683,-0.7477384472486319,-3.6903683605794395
452,-10.400717097932725,4.012898644071804,-0.6570625745795562,-1.9306501692143387,1.7405735532925657,2.2550373862291697
453,-12.410169354164509,1.7333050899691704,1.4758025251881866,-1.3992698752912869,4.441617110330495,-1.9886356532867986
454,-4.608400933673285,-3.1671814956375726,4.8604119581499186,-0.6826544839103684,-1.8041856189033325,6.034053179605491
455,-3.554481292354649,-5.202421326244079,1.115161094597219,4.308782279862108,-4.622149104627098,1.4119133720882657
456,-9.277949328811285,-1.5418330937832345,-4.402706148316411,-1.6266028956182788,1.0849036686585838,-1.537182347949663
457,-8.462711109754942,-1.9631913034118318,-4.76546443563037,-1.6732258121809866,0.9311874265191303,-3.474626906508443
458,0.9897432779741545,-5.732903656635941,3.321825430867968,-1.7609344524613184,1.7338608796763868,4.2175751452261325
459,-5.934212329081413,-6.32935949036351,-2.709515452215461,-0.6149721951686282,0.009029803960402871,3.5708349468731657
460,0.6187499656455717,0.3890266704802515,-0.12698353204981372,0.10860555527813442,-2.237877305714008,-0.8138107317171023
461,-7.018884705177279,2.0020706618236632,-0.0627164506488247,2.313160300581997,-1.3683292425751181,-1.3847140882955629
462,-7.90517249065555,-0.6055576445520416,5.919787390247925,1.9087332995586825,-4.716976890867253,4.239592225262459
463,-14.06794597804644,-1.6575364638112284,5.722975797740373,-3.775207206902663,-6.255394115237418,4.135785732315291
464,-5.433777791613271,2.9092334894453895,1.7689220463829338,-1.557443909813263,2.852559165366142,-3.451399798744054
465,-5.684282373783957,-3.1473961265535135,4.565315346238376,-1.526250254475347,2.373637292023213,-3.1140395724196748
466,1.3156542214039781,3.854424038054024,3.206014220815625,-3.962761097019497,-0.11273388117476706,-1.5940308391923224
467,-3.3166572018012426,5.106939530456833,-4.783038283679419,-0.9779110895331347,2.0568696434468476,-4.422176122332507
468,1.8845773362171951,-3.479092037812875,1.2369830829721473,-1.2798474009566698,-4.897102449473092,4.5878734870412625
469,-6.428501492753022,2.028278209249864,2.746355803616245,1.2140619414288525,-0.4872747210231303,-1.953061026602812
470,1.8090695532256993,-3.733243900528156,-7.344458903527965,5.258028165983799,-2.110500385740056,3.9711102441388118
471,-3.9491735525793707,6.741939063747194,-5.243562056099747,0.49489468928896496,0.3408190911317735,-0.3398078269440361
472,-3.2070021175241035,6.366255455320033,-0.677921876792557,2.763956091920555,-3.5061261705902025,1.3396826049657564
473,-6.451430710336528,-1.3752361493163012,-1.7373369361709299,1.3033039718942137,1.6935432657267033,-0.13625642363332174
474,-2.137079090254432,0.6359996672830702,-1.2710501148000952,2.3724167883358933,-2.855862759324487,-1.621905481102101
475,-6.8457948166038065,-0.19683036480165184,-0.42214770123835355,-0.40317946992618403,-1.832052213734849,-0.3442326606528945
476,-5.239955728645854,-0.11030074371374932,-0.33067377373502305,3.3904076918648065,-1.8519557293605038,-2.56775075083356
477,-10.299330056978711,-3.8087830732344155,7.870188306484333,-0.36760542432554155,3.5778117431071292,-0.7628052393415109
478,-3.1218782313233437,2.282390462827706,-0.3689194835884171,0.3915943927889898,-0.7777565560607873,1.2638494939135292
479,2.4729976929555826,1.2022527953769768,7.316076210737496,-2.4132985720570805,5.197082589704589,-3.177538759427924
480,-8.296010979326818,-2.011695105995589,-1.4834273197213128,0.9841343767601982,-1.0609353011560179,-2.1753578627215955
481,1.2886514096704709,2.9625949330101866,-1.298383709809532,-1.9894687623457195,-3.2987349584358747,3.06323731145439
482,0.24198109638382662,-0.7418711329548675,-0.6918574885822864,0.33297063289118406,-3.876931936105543,-0.7413390140847157
483,-0.938439424967473,8.950923273109325,7.8050382868553605,2.636676038080197,4.075589052536719,-6.01101705512507
484,-4.89843002185279,1.0253578986395477,-0.1866178354532495,-6.9575095068585435,1.5739163444055646,0.48785098274254257
485,-2.7668571470538113,6.746424425442833,3.894726600369442,-1.809117812762734,0.4218544957562371,4.3383978561058845
486,-3.137073250868081,-2.757599080986646,-2.510935649283658,-2.1249087680987793,-0.20088387829944443,1.825782964691445
487,-8.974505267446304,0.5899511265659194,4.8417096778727355,-4.9178938422621465,2.9930501050044964,0.07085076420891445
488,5.684109609169906,-2.1154479766756245,3.215122389408704,-2.2138616910975712,4.7925501964875545,2.261734173705777
489,-1.486337073376298,-3.00204206069252,11.540078371961418,5.721484626732288,-3.3135516171498134,-10.256368657028887
490,-0.6721761275575927,0.5636646212386939,3.4418508947196935,-3.010219284625445,2.2249992661717206,-0.24059257310130883
491,-3.19440155991027,5.930728114224275,-3.755004999904177,-3.592792381336057,2.052712014865663,-3.7891624899042355
492,-9.394937837821544,-1.3999938852277793,-6.0884906088680975,-1.1587664129879665,-2.9449522104444275,-2.375662452901006
493,-3.734981449930413,0.5565186286978392,-5.209640152102072,2.3196233763207457,-3.8737470510190724,2.763087851760193
494,2.4619982202320934,6.435772233152813,-0.44129597375162755,-8.591902206411554,3.81801510747063,7.744860543931656
495,-12.061204108312857,0.14135510837911314,-1.845094871867249,-4.807123585445129,5.2161179207253365,0.4250980176511179
496,-3.893040222147737,8.506904965071648,-5.337674730185212,2.9939067508844386,2.7182243337951864,-1.4268599882081268
497,-2.1791076399844203,0.27032201153327184,-2.9013840116253933,-0.5509981538305575,1.5608536819442143,-0.5299726446235866
498,-4.362854031020488,-0.1529519175333367,10.378367474893018,-8.788353742660572,-6.524032861686738,3.847825983722516
499,-0.9277027497484156,1.5683186924369903,6.163996592538714,0.4885980394053332,-7.120493329989529,4.967832084502398
500,-3.1690125599329755,-3.495339426326054,12.588973563841954,4.801355807630239,-3.4340960918752916,0.9413571210635766
501,3.6653940032421497,5.702154095710043,4.926535925279728,-8.210639753344562,2.2005309632039616,1.4667682094260468
502,-6.629756142336289,-2.2864309402567007,-1.0117050261559704,-2.7017973173090137,-2.1140888131900066,1.7672871928302327
503,-0.6648099356534205,-3.5338105599695444,4.356380314283319,-4.45379670362007,3.3711833871529144,3.45075029514718
504,0.18225715814789517,2.4715578532186813,-1.2721414871888426,-1.4212908360702592,-2.6812192233249297,1.838725252761825
505,7.295469806535795,4.417405166842602,10.654417993991483,-2.9352787405118757,2.2166961753949086,0.4486732554378452
506,4.3765322748178335,-8.922290858169386,3.549053780582115,-3.3624594999107034,1.592776239207943,0.581002449955085
507,1.3783358766852745,4.132600190943841,4.13111281716293,0.9719583682827686,1.6246900462259461,3.4116028909169103
508,-9.907837819399273,-2.805687698673139,-0.47415493532847847,-1.5442542368460197,0.367153843206786,0.3963103212040683
509,3.0546149047758586,0.6809553801788513,2.7226548683340837,5.918548973589197,-6.992343770160419,2.2832291643327016
510,2.454872213620436,5.6122664474924315,-1.7300111547808692,-0.8526855246123357,-0.40521286000372425,1.9438520619680355
511,3.429501891482756,3.9312468904370363,-4.523576270157881,4.87715628407559,4.204984637738413,3.2003082437850505
512,2.0603011287874513,1.8854615422884424,-3.134761864626202,6.115546123622378,0.09787694878049583,3.4274861587371794
513,-6.187531707436373,1.7679820834953688,7.573766648510994,2.4689539118580144,0.40844524499473067,-1.3378227050991771
514,-2.473279139523702,-4.165189124514156,-1.9451087589744054,-6.285456976463974,-3.600731837740002,0.6357748625391652
515,-1.851782249938097,-1.620994490883973,3.6360556511367785,3.074515285153063,1.597793660752038,8.026204700227543
516,-8.196276710934256,1.6287444996922966,-0.1605821706332724,3.4731679910063753,1.8228983387904458,-5.905292493105393
517,-3.6363184998672278,1.832704237595963,7.636855108473799,4.1452605853021485,5.086260495951201,-9.030399159555497
518,1.8715487369650536,7.758161661124078,-3.464876144675345,-1.754790102444304,1.5374103406560744,-1.1777357290015213
519,-4.471636512594094,5.889025857428107,4.59995774064454,6.1562941516836736,-0.2615741545333663,-2.6711915662873773
520,-6.562578766201158,1.7346035119048953,-4.23073089213797,5.247634310485599,-1.8114237484686928,0.4453381402327823
521,0.5340746793770181,-3.2105665176923495,-0.5947275031418258,-0.9961432592885267,-1.5913178848410285,-4.82871106947438
522,1.0362957129489694,-2.795669949608869,2.9167503745650287,-8.208409221475378,-4.0246206788039185,-6.591429702632096
523,2.6780559052878985,-5.2951384485619615,-1.6688482048367734,-0.6396212096974403,-8.039405024003107,-3.828559188129222
524,-5.69896143043226,5.166009136911737,-3.368297116499429,0.710030462559778,-4.798338698705307,1.2437683008589298
525,-0.8002215635623298,-0.05968073359050252,-3.2068958705633115,2.8667792144194943,1.412962629500586,3.6272465132023215
526,-2.2765868222267884,2.5877703446476885,2.6846844796194453,-1.0655786305764294,-2.012201656400056,1.764522081999136
527,6.895818101049047,15.24412234303019,-3.8234957635065814,-1.508488670542908,-4.623515667977529,-7.155563945941166
528,3.551653154790975,-2.7302918213029983,1.231677530026158,-2.684852618682414,-1.0554712939346664,-3.7064500161727443
529,-1.1088253721123342,14.371750535332751,-3.4774182241206955,1.326512783608114,4.393094429952776,1.076529457314948
530,-9.890128170934139,6.489095203406387,-1.1814480554886697,0.7708326071031182,3.489765542817853,-3.071975111551343
531,3.7379866663806047,1.2202073874595958,5.88296258292566,-2.3336276733504437,-6.902422704688693,-9.230599741872773
532,-2.2014756475228854,-7.061723099641078,-0.1482726055111746,-5.078419653889277,-2.6634451699079764,-4.868803802003652
533,-10.448003384033125,-4.416326530489954,2.0341413328585274,-2.0659077678231825,2.576166113221326,-0.007403053045644092
534,-0.8993812464281277,-5.56718671608234,-2.0465008445474573,-4.2370805196154695,-1.205823251772408,1.0390630911040157
535,-8.819854056825537,-2.715302249219101,3.084173849485409,-3.97888466641622,-6.035749126401269,0.10596634321512077
536,-10.795667675173554,1.5453889090074573,-0.260340632225871,-1.6602181780315468,-1.6143059166483886,0.15965563122995574
537,-9.081437471138516,0.38587624305113577,-2.5086832714977354,-2.2348491666109886,-0.2811308796588785,1.044517240766943
538,-4.168551740851755,-6.04872278486397,-7.5918621475788175,-2.8713945669407277,-2.159160454677256,1.7550301716856263
539,4.436760438306429,-8.49421252491462,-5.614995357792443,3.794235841183594,-10.331584240030184,6.953010604502076
540,-0.8991396994065355,2.1630941375244515,5.169368437669562,3.5242780361129453,1.7695510534363472,0.7541683936646789
541,2.9149947074718625,-0.021315397281093662,-1.2863701528919558,0.6465144952553286,-2.3141390570914036,-0.3099001798402029
542,11.022869807767279,6.4205286080433,5.518674678629669,-2.6899574439792984,3.1237298773854283,0.26491352847538074
543,-0.6988106693864977,-2.827014895316153,-11.639407419660161,2.9521528021864394,-1.8137485946393241,3.0141942297842252
544,15.970404967166203,-13.035781929314238,-12.48512899291401,1.3577703026496724,0.23138037290121882,1.1312129104731268
545,-2.671234908387599,-2.92986410562546,2.6926740858839167,-1.914167679069276,1.0895795549301288,-1.9414886353676981
546,-0.669061807805992,-0.014351655785715178,-2.682803494424937,0.21177082823016957,-4.432854180780734,0.8855938291038942
547,-4.450133296431708,-3.071263205896245,-3.5329326236356713,-0.7651413479165721,-2.7175289914126552,3.0264374255137754
548,-10.667679935802495,1.6572101570275324,10.14773452376533,-4.738410885746591,2.9376469693765537,-0.9900606449281275
549,-0.25646302325813486,1.7307323739658085,6.218644697987441,2.113049302285855,-1.6206122361293107,-0.5747805540608435
550,-8.179952549755841,-1.3886033001280667,-1.970301443501862,-2.0894370474292576,3.66494207547456,1.156777104860041
551,3.7418739656147646,2.3696310681757526,5.371479580824895,-8.630001138307552,5.034335433219893,2.883690794536152
552,7.527888273129378,-3.5481905656151014,-11.82480311915112,-7.871251293044159,10.834576003116677,-8.376129230065285
553,-2.5328463324386874,2.666694885783821,-4.358993170008517,-9.158912098284286,4.6593365428235565,-0.5489137609112926
554,-3.613712650980527,-4.723139902856642,-4.7105432856142215,-2.738367613211787,3.8125849103109735,-1.7827704378835707
555,-1.6058405200732278,1.7219047953299573,-6.7187179727302535,-4.959932262676473,-1.1133153110370606,-1.1981901053114812
556,7.801467731939095,-0.6330489787077962,-4.097504474810088,-5.209195813468822,-1.7398470893907019,-2.5093994327914966
557,0.302395822034631,3.8975601913121554,2.352490175346926,-6.5717462859253,-6.304469644391604,5.063911168769872
558,-0.20843934069349235,-3.3895173582640847,-2.369846383467137,-4.762261985388254,-1.72407606311779,0.8625428576559085
559,-0.8442012691097927,5.306837453025363,2.2826849460175547,-2.149704118585211,8.294501337288466,0.7764866305814391
560,-5.856741505968668,0.053475463802000744,-3.857629559665352,0.386731618338757,3.3292537900508936,1.7972807847373269
561,-4.068331752197263,1.9299970991906374,-5.6744234860862335,2.212804926264172,2.130013767841863,-0.901437532280315
562,10.638367616281885,-4.459207099022312,-9.596633151830009,6.286776125957254,8.381642502617373,-3.3025586971068464
563,1.6365195417269667,5.955066092510477,-0.9904040993913358,-4.295961216726677,2.015308859697927,0.1962284841704931
564,0.8145471463040634,6.649614874568882,-4.941083859083263,2.1519475572793407,6.791261693080783,-0.7424999267148782
565,11.61524052978734,4.515776750606565,0.36172740669875725,-1.0252430064272262,5.472443776299275,-6.824135845731677
566,6.554868738614326,-7.605165798887247,-8.344447212939466,2.2014463443908046,5.210054301283428,-6.072167145057018
567,6.256134500048891,3.5430096903747295,-1.7296945303104818,4.72633812089228,6.397781302857913,1.4334423120596866
568,7.826157477195358,10.51978999699381,-0.4083495805405035,-4.040565791495795,4.918302817593791,8.481597352021366
569,-3.625381274809469,0.9328245317501578,-2.4797354281099606,0.8870417424662643,0.3728396503114524,1.7607516621685853
570,-3.910335732794012,-4.311013806580753,2.8604315567517613,3.464234909914681,1.293416101611032,-3.401265663480665
571,-3.717744869667793,-0.23639828455577516,2.4915250198504864,-2.6496425878125565,-0.6607511964487683,-1.5678823918320763
572,-6.241760563018877,0.5809663939476797,1.0557899281155743,-2.0652925763606524,4.615450099240935,-3.0314672616285336
573,-3.924982778237672,-0.24566794793997726,7.4732884895647524,0.11403646944707418,3.621441158756769,0.9366159350057359
574,10.319658968795672,-11.896892153767414,3.268675247604752,-7.264262074911028,-2.629040655218613,-8.113651615001572
575,-6.35022917814032,-5.579656691253305,-1.5130648065877947,2.9998871463564054,3.6505103483426495,6.072118957353842
576,-0.5145876552898675,-4.522130488184965,4.608394233479201,0.2695287195481313,-0.7416386115274157,2.1546099811199197
577,-6.836630743052531,-2.9660056734709124,-0.7324711486503915,0.08824173920024125,0.12711643657874827,-2.484404239108831
578,-6.175653177474014,0.8145429266397566,-4.5836341521554225,-6.665108363493485,3.7129381429423365,-3.8966191542210202
579,-5.2046260439234135,-3.6777180314445808,-5.751140576311561,-2.5585571972074947,0.6103186207578564,3.6126437889196072
580,-3.4001721631083877,3.0235584720612945,-3.741013140669763,-2.8235877798330824,1.138837378160233,1.7434268741561139
581,-6.047160116828477,1.7035743542809212,-1.4791335561687866,-1.155185749380893,3.132353716903371,0.6013420790017593
582,-0.5245555802992771,2.653598098463436,-3.6480030725301087,2.694771923825328,4.439610059674917,-0.4667436414890719
583,1.4354946884982493,-1.318691825271548,-6.769799126164845,3.977092863050248,4.280867092755334,-2.2957747657713603
584,17.362513626495883,1.1296030162478967,-3.2505806216692714,-1.7699681417384912,8.603271789151723,-3.452645451916852
585,19.11802434085255,-4.554231091207688,-1.9027018792972827,-5.0117690652738105,1.0905473549751226,-6.262447746400883
586,4.362346606129881,9.07198933927831,-1.928320309959656,-10.06278313527602,6.325079798539463,13.297351311837254
587,-6.336844465776521,2.5642993854034573,-3.994673866423711,-2.161526959805151,4.478265504069913,3.4858267688398756
588,-10.531186276025903,-3.3687295801110357,-5.71545325670245,-2.489107265331344,2.2657730244419767,-0.7363392160753938
589,-2.877379885280888,7.033411213038066,-0.5436446492112539,-1.0915988088719244,5.86486503626251,0.2354353400303085
590,10.80467539765454,0.5264841961275337,-2.0161484859852727,-4.175045548764931,2.379419250942525,1.7443606078376852
591,4.819471113785683,-1.4740351966770244,-3.6852253974126006,-5.250611257783277,3.7792146628218033,0.7378312767692101
592,-4.138965771091628,1.4144191407030986,1.9951907248985623,4.694917631141684,1.9159541203103612,-0.4644436781728416
593,0.10677918315317769,1.2163875586974664,-1.091423302805851,-5.699701517975102,-0.5280150054887349,2.4680885590019317
594,-1.125899196099065,2.676375073667953,-0.6211386101277458,-5.306889554861225,2.126958738133989,4.29398113662062
595,-1.0942903761335385,-2.106345792883243,0.5245580013672715,-1.1751504599784848,-4.307421833586008,1.13658287500154
596,2.103170474784208,-0.5101160306836439,0.2268094554603033,-4.592169824323616,-1.4815250549042729,0.7745377066193153
597,-2.8483473064288867,-1.4284243259747902,-1.4711722434043182,1.6403306143340761,0.5801155518612334,2.796673400319397
598,-6.240126369257529,-4.054834950424169,0.9485110456008208,-1.169258481329994,2.402595914876738,4.697803954358909
599,9.558168660280096,2.675253446874044,3.2608543696696763,2.0463981776837747,3.4641869395995695,-6.865337535432792
600,3.5697029904960593,5.024458305947749,7.08084458358763,-2.2888921402614457,-3.8294377081487507,-0.34497853302666187
601,7.20039980246997,-1.5194475942648304,5.448915743951693,-3.71566357332355,-8.76752637019456,-4.861025246724789
602,16.82626701461446,5.3757980257094236,-3.1527346905722515,-9.910150614970409,-3.206170261049488,0.7088813167748946
603,-1.2696876630894336,-2.9912879123860323,-2.3635595376095075,-5.074772865983458,1.0272362609161563,2.8165904707451004
604,1.922057955830978,1.2813623261638616,1.2136619681344436,6.63433139595385,-3.7656453161598122,-4.628721671296817
605,12.871051152824595,8.256403079291072,0.7344532551740015,-10.876250184942068,-2.196023467094018,-8.343107813221398
606,0.0329378953123195,0.08567386041650293,15.60666620764016,0.03773840221285185,-0.34459252942778507,-0.5939883632399142
607,-3.9507706996213705,-0.1848977764311972,1.2438332232271174,-2.967033808634728,-1.3138352519268737,2.068778845642747
608,-1.5166042075055626,-0.6612419036236372,-0.24996594120917523,-3.7845504481765326,-1.468816883168914,3.7583658835950886
609,-6.7299004638247295,-3.9677393506940217,-2.0141609433569787,-3.4106016525364504,2.5170584078255063,5.161661894449533
610,-3.3896602147995427,2.0243120825351535,6.922965417958643,6.008262807731951,12.239261313732861,4.524578998440189
611,-4.033522930898662,-2.818917136861077,2.625612862634895,-3.189607581548636,-2.8111388472418235,-0.3236885775508089
612,1.9651459010907792,-0.9708291746386484,5.545447371565801,4.711745494246863,-1.8637032942850462,-2.098454147395877
613,-11.445517900558533,-2.718272971471903,-1.7886845542090493,-0.026914386551332603,6.196253338882412,-4.87877919513083
614,5.36620283839054,3.881198470212888,6.8050066320562514,1.3857357077635073,10.723572654424327,5.218336713151098
615,7.270706673291054,-2.1013167340982912,-5.187362955557093,4.58538464737898,-5.971752067291077,1.9153237056334713
616,-2.9415783840331065,-2.0592293977265257,2.6823313667694935,2.5598964959290766,2.5088842633595165,-0.19022671451954037
617,5.73216529988127,2.7464049870006138,1.2963976207514438,1.1523872290837078,-0.25047628381895126,4.070422234434402
618,-4.524343761226924,3.223512594132833,1.564485136562257,0.5716017796608764,-1.9232177862431787,0.6704943888195242
619,-2.1798248126009936,-5.2151772059631245,2.959226920712392,-9.4769111566706,-4.845933305187739,-1.7364123610912545
620,-0.6460710571349189,-5.149602460246159,11.300000759299838,-4.729043689450915,0.09563358815658685,-7.14218516095207
621,17.206996636642057,23.4015989094721,1.7643429158917834,0.5814949391453386,7.5795395907056,2.7454733281026953
622,10.838404248607368,21.12021837702339,-1.947893432177104,3.498163003379903,0.7578737038910437,1.8370624103830082
623,0.8158110926124312,10.877850376005792,-4.491048665720544,3.843793307002286,-7.758093702337295,3.764899584396926
624,6.55852526511589,19.386914269720293,-0.024319904002272005,6.731186055265533,-1.781017060665072,-1.9375468323693334
625,-2.182117795842097,6.468706545655821,-4.358447811212428,-1.259855209714675,1.1562937411546703,-4.962242467792277
626,-1.2688461245936815,4.461229622237581,4.686859261163744,-6.6346737745205715,12.077635339379219,5.472644465351889
627,-4.829032984481531,-0.6387261449826225,-6.834566745670763,-1.8226017181510272,1.386388297277198,-0.7287975568778511
628,-0.1832893164733269,2.382047384697966,-2.4867595152938247,-6.29109638870727,1.0526144192655005,2.738018650120435
629,-0.9948729701260024,3.0553807282717935,-2.632698641867206,-4.030716041169127,-1.2079252271343075,-0.25428330365791707
630,0.992544159515131,4.986052021558282,0.9129010250296732,-0.6119997235280887,1.5853772794295409,4.2233647188959615
631,2.7613665115845047,5.970430923014553,0.8325492583375285,3.0530072440432323,3.877433281543292,2.473889782837314
632,8.015530903641244,-3.9324488346463697,-7.3324793194488,5.602659969893971,3.6758994513404715,-1.643304529973173
633,-4.6742287851051385,-3.2272743022068653,-4.536029667793904,3.0877575443648704,1.2029598235072556,3.1285287928972427
634,-7.743082946352109,-7.337577562667633,-0.2884706684879953,1.0777521650509088,1.6749024402182857,3.6644389976557354
635,-5.169290460204838,-9.8202712554297,3.1014586259484878,0.49108280198438053,3.5292180073386517,0.7559142269633021
636,5.6388995908512305,1.8341571587430359,-1.2309761240311419,1.1077685125706802,-1.4173062364507838,-2.927055953206922
637,1.1539185377469183,-5.427238587995368,-1.9021976762255068,-1.2672145504614762,0.9133386496748294,4.711499943668342
638,-3.210007248363831,3.7397774329321356,-0.5251317267966019,0.1093625735551852,-2.3638522344911057,-4.687060317977989
639,-7.5241457386734805,-2.505227875280388,-5.14496484010879,0.41781734313658525,1.7183213866721494,-3.1166636763132107
640,-7.640076942486807,-3.7961183054322554,0.46916464315822004,2.4654856132874334,2.525248857825256,0.5319332600964153
641,-8.458290087354756,-0.78480628889172,-0.8099415792996532,-1.1855417049293027,-0.41589140648679523,3.3298201620396415
642,7.0790513675210835,1.932421784380863,0.18285970821795017,0.9488130550136495,-0.8164195384881728,1.414827135707072
643,11.460494036093127,-1.2657679988504902,-3.6805309332993614,3.9863208283626905,-2.457915396243693,-5.068470600986335
644,2.418140663724625,-0.7437341664732233,-4.340287638741899,0.9611393952336457,1.5709515549234911,1.2441121803347417
645,5.516791020839552,0.29599631535617965,-5.794563930993048,3.9214193217162236,-2.3695091437176625,1.3628844567206806
646,-1.3329987493347126,-4.025519357841623,-3.548204537954608,-0.04983968912690029,-4.607868820899958,-2.176107503907892
647,-4.862213890711438,-3.1549265592184503,5.024513606084355,5.680192135865116,1.3555179092012732,5.048016733381589
648,7.6606044148935,-10.828995295784289,3.1522513614172873,1.0510656527270257,6.594117636364646,2.829463643907794
649,-6.234958816100619,-7.474237159192803,8.714378832297411,5.170981185515041,8.520713783677538,-1.0607214077169904
650,-9.907753361461445,-5.094122493826941,6.475635045264166,8.798853365945389,4.668408928586029,-3.681262676686084
651,-8.425676793716905,-5.3041563025774,1.2749974189347244,0.5209690528373971,-0.49917204871619103,1.5517485721555475
652,-2.0702571285653,-3.656882348391517,3.628574518344003,1.043198480456374,-2.1978905093055325,-4.679342461606405
653,-2.8034425962762577,-4.512375028618184,0.8798033907722778,7.003097527685245,-1.3973000706242118,-4.312240670062324
654,-1.497600040949799,-3.731467699281286,-3.815447023683113,3.617031289427815,1.2990646525555922,-6.0301788737475945
655,-6.466470505481323,0.8652598357332579,-0.9903499579638116,-1.8303407101443163,-1.9111106588786937,-0.8915469075963076
656,-4.8571686360886615,0.7324816823831112,2.3451742035821797,-0.3686148028294913,0.6017363517209814,3.2358183168314874
657,4.1281653622053165,3.3746746968080132,-4.02895336162347,-0.3437504378319439,1.4126577798283049,-1.5691216924916223
658,-1.1621525822887162,5.670443281089247,1.5974290922909398,3.689649157106101,3.039175385048889,-7.046391119149721
659,-1.5313102895868032,5.202634606214042,1.0345202631930865,-0.4952682447807242,-0.03564617139244375,-0.669231754465322
660,-8.834758655564382,2.8641464783647637,-6.045290523713233,1.935587558622231,-3.0346149685015202,-4.71915370121866
661,-7.435606691087814,-3.0120447362745715,2.3542675187130055,3.6362171910995693,1.900547129471578,-0.8064393211380921
662,-6.360458086620992,4.098483617656056,1.1764131263597581,5.870868177200272,1.7337175036639114,-3.5204467730436946
663,-3.6500524096065288,-8.177612990529624,6.252524833815129,5.284384192070582,0.22040911068190905,7.753126617535256
664,-5.484063251582502,-1.3350009379192218,0.3299746889392379,-0.7900456502895056,-0.049733433597935445,3.368950475344361
665,-0.8763305307115593,0.018155248111477118,-4.811224033909948,3.1429461565969508,3.40309657771105,-1.5486601529710837
666,-1.8715441360981848,2.697846947675099,0.6092783944352447,3.952217038032389,0.2320386260676085,1.6432294171605493
667,-1.5990940493666492,0.28098630660972723,1.7377624890502856,-1.4007905036447923,1.2540664843839928,0.6041127016880075
668,-3.616196379064,0.25452186767407214,2.4787137109234827,2.6453146251636026,0.3205924502271849,3.174938680850035
669,-10.125899098227777,3.9234265858930466,1.9502464168334432,0.9748212072473997,3.003366547578168,-3.068863566901701
670,-1.9171231045274557,-6.697315496209261,9.694277266728166,4.431107170778911,1.250944704866677,4.198374329747994
671,1.0388568851359676,0.4604216411649329,3.254551733373056,-5.133978295048288,3.686328707145364,4.611068464072155
672,1.34871586667537,4.48912381039335,-3.505666751985708,0.6402960810421139,4.025118338994504,-2.340534377590531
673,-7.6994435377637105,-0.19924995802298384,-4.409015618793114,0.46943958590527357,3.4612300303642685,0.11160054495464933
674,-2.2321099704062144,4.08143223563275,-3.5346467664625223,-0.561986737487842,-4.413403391107783,0.8568717145700337
675,2.368800359905161,2.9326662899693288,4.168920260398544,-5.822907575736966,-3.9888609355915565,1.36025832727434
676,-8.815985653542182,-0.30057493795209744,1.2231637943174762,-2.903856614699673,-2.0249831805163967,-4.854388282326923
677,-7.697459889421269,-1.78294285404338,1.688316654159096,2.7692844381008146,0.4160189536222273,-0.31369675304834926
678,-3.439450233478005,-5.658123814247009,3.5144158410438657,-3.6290874403256863,-4.5901353593227965,4.557352129816616
679,0.4654345602977308,-6.729796664076007,10.422770905872946,0.5334148194054084,-9.179634012193546,2.9719412255599384
680,-3.893857185283757,2.007646558408352,0.9009973364489317,1.2004705311599149,1.39139885874097,1.7557537570513575
681,7.536806360175953,-6.739851769812088,-8.017004640800934,1.371305235645305,2.5191886273409545,-5.428428494766372
682,-3.316863698262839,-0.01199323864115609,-4.136745379368347,-4.163715893690818,-3.330211526157145,-0.25976120651689244
683,1.0928312512481841,7.0734208970517605,-1.9741978391298665,0.06747161037749705,-2.226221459422407,1.6504046907504824
684,-2.686105904056806,-2.03442881553402,-5.107019829417214,-0.9964012678990499,-6.87406359543452,-2.7919475413537187
685,0.8762191611317725,-3.202532731073915,-0.031120042908193715,-6.7890704047845745,-1.8286910242228098,4.978968660565745
686,-2.9460112635824167,-2.51821373530155,-1.5914360000496575,-2.904142046275202,3.518593837118707,-1.2055383251097884
687,2.8699126258043144,-0.19217926701997134,-2.358102702595968,-5.77781304113047,-1.7638767788137368,1.1674616746767386
688,-7.036107750502593,-0.49961456405802895,-3.025046167870054,-1.2841225911823084,2.2763062616550567,-0.3278455988498894
689,4.936671694643773,-4.405958147587426,-2.345599971170966,6.2450878068230065,3.1897378034673975,-1.9534006543618387
690,-2.26784735536026,2.0961504899733754,-3.88386746181705,-0.0378528955113151,2.512112048973047,-1.464978107044502
691,4.8040424149300955,2.144164331909603,-0.08614072848480225,-4.070226667929266,0.016929618825679116,-3.1806129330790176
692,-0.04162663275635203,0.08768939329804204,0.30029436389779973,-2.8775198943698124,-1.1060054164184006,-1.5278160580812075
693,-0.04511993436970663,-4.903923552048395,4.004249654073637,-4.154074488643869,-3.64847526466339,-6.00090786127719
694,-0.20886485553323744,-1.6632476239531726,-2.0270170956781213,-1.4290219416553733,-1.9105472043025653,3.927928042347996
695,-0.3996422551255203,4.586837359598561,-2.3880043813311786,-5.188754059007797,-0.46111233666789087,1.11701209687888
696,7.756277215183285,3.096435299848185,-0.3191921272072531,0.2115317554516971,2.1999123190450995,7.799106569350656
697,-5.325410530976829,-0.39237029902195797,0.6921291101937201,1.7079440012125648,0.5077934515929442,0.2926562669518238
698,-6.313753961671098,-6.288730054308873,4.421250006139944,0.4432707989606479,0.3079790257426014,-11.322024952780891
699,4.403519733712486,1.5411847253509035,1.7954673967930401,-0.8823407618155423,-3.307386464934104,-6.401756863792215
700,-4.8899262944745425,-6.544716641145777,-2.573656000211857,-6.4592688693132505,-3.6359520740551896,-1.3808404551251627
701,-3.6389851837652696,-0.7178804696342238,-1.0829011169132823,0.7604182012085308,-0.04960759765870759,-2.229024222831386
702,1.3322897758389924,-3.5973615971779203,1.46228884176557,-3.505586739138505,-1.0030691034210981,-0.8734797438141025
703,-4.090054996017961,-2.7819207855225416,-0.7229295339103817,-2.953332895268944,-0.9295572734122284,-0.9617172783621284
704,-7.615767806429329,4.022243962983786,1.7055392559124973,-0.7107788208506332,-2.219279100270202,1.032427262383699
705,-6.5542225947885155,3.4480361391971877,2.194315152632226,4.2350958615648615,-1.0186306148644912,-1.8920887494384067
706,3.000892316367832,3.4713917550131104,-2.194889357223745,-3.8150764376297506,-4.329993153517671,5.6849791513085615
707,0.5347721398003733,4.073380002293516,0.3784727708238578,-0.3215479998536659,-1.6952911349675337,-7.376078707928476
708,-0.6107025212066501,2.188219433390034,0.7310474349167642,-0.6180173634590002,5.817718525740642,2.5019201284509323
709,6.685428113352415,-7.447416671853965,-5.492071898705882,-7.584864879480951,1.6668426791507835,-2.5540162965990363
710,5.250231571192554,-3.0388740365525875,-4.820978665813878,-2.7597801133842026,4.5960572712618815,-3.522903501834662
711,-4.581603424365497,-1.7560272434547821,0.5490966786131413,0.29306594096914484,6.189255812669231,0.682305589791316
712,0.12764683968396084,1.8612504214855963,-5.698759360340372,3.229116326735733,1.9449042780787795,-0.1527755949721532
713,6.9439559636360215,-9.084941537527762,-4.029312829364803,-6.449795761546743,4.352443935289514,-5.3871387898027665
714,-4.280023191389686,0.8672412813441157,-0.5347026386888781,0.172667782016534,3.204022164047844,-2.2192739750711468
715,-3.703602254472172,1.3712974450603657,-0.10997035981405151,-4.791608667373381,1.7479227798159362,3.1089704736572665
716,-1.4661539365696208,-2.627142273274173,-2.7602973534514175,-3.5837675774076616,0.13777174792795532,-3.8991169115277953
717,-4.776531706223553,-3.67923260762354,-2.1415836896446256,-2.8597920413225877,-1.5352479877959375,2.784123464101226
718,-3.1545385143656857,-4.923858564446369,3.651780256233881,-3.409881737368295,0.9678682378811608,-0.3677742532339394
719,-4.599794080695766,-7.247191928024223,-0.6013264715633374,-0.9760916429271634,-0.2117434339324862,-3.3661941666269755
720,6.867748006091222,-8.788674926534746,10.136680929456904,-2.1389272177005862,-5.88407853957362,0.08724959126029508
721,12.210638898355741,-4.529241921239818,8.635710619634915,-1.9665374586651359,0.3686696966040315,-0.1768856126021907
722,-6.563802407720705,-0.622913280453703,1.4103134400648922,7.441309783751052,-0.6467320209810072,-0.9850237355062568
723,-2.4268970033593225,3.5710864090757517,4.4036514190138165,1.0277632122459996,2.2240380836392477,1.9514045140045861
724,1.8185226816650248,-1.7917233031945081,1.4211131746223633,1.3821789357263023,-2.44508718333804,-2.633791479924725
725,-3.0887779002834943,1.425308685494099,-2.7755439679508824,2.945105613915632,-0.7176237941151478,-1.5060814764971475
726,1.9505943259809535,-2.8933950274427795,-0.3857186481606297,-5.061072253360348,-2.1137116660044555,1.1747737838203858
727,1.1085213913721992,4.026277967607102,1.5056960017993273,5.0383600021353265,0.7712726699928425,1.0191355601633325
728,3.919671577065444,-0.4304822924984235,-5.574909292623034,0.7713584478935905,-2.092161203777324,4.306405214762482
729,4.364335903263662,3.6341708784897984,3.119050327622246,-0.002682433875142061,0.5603676811957019,11.792516480882318
730,-3.3560611810136556,7.254319521648398,-0.4395330461310242,1.8449359768345228,-0.16735958408465068,-2.746982007451037
731,0.5724586912860854,12.06467896622419,-1.9600935051584496,5.573070055743406,-1.8870753190388503,-7.134496941226559
732,-8.365814828296083,2.5959976843913406,-2.408266871634831,2.8143479301387853,2.7464802201735394,-7.7412518275297675
733,-3.194747783015306,3.2699281393075688,-4.2776915847681956,-1.4649246653451193,0.11266190242543483,-1.6566758152610501
734,-3.0918194772515197,-2.4579097173301485,-3.469762387738796,-6.11745773824431,0.3789050865275949,0.34199134141383625
735,1.4643398948667445,-3.715835269136627,1.31526837921127,-2.92660998543668,-2.8817395766472806,-3.656728463517701
736,-3.8922002719162547,2.2259790756452285,-2.2834425762198762,-4.210167575758623,1.6330415105182918,4.019430766749186
737,3.3782110023844028,10.310864467204492,-0.30106849046523426,1.7009205192127412,1.0918371704555274,5.466016081950915
738,0.4955663842482947,4.3513946120541895,-4.046325126923141,2.002296055869143,0.38016014662686304,2.5309151082065564
739,2.7575001364154126,0.427204006013561,-4.642166461217823,0.5548733590028876,-2.499569032143209,1.4654530233366865
740,-3.336402044283818,3.7930703375312342,-1.3892089754631254,4.18095026970231,-3.1746217581799487,-1.483394011753873
741,-6.855513538735041,-2.207647747695493,5.125059351341619,3.3283811865925017,-4.2824010993182515,-0.4729854494927085
742,-3.3019163529330777,-3.468350844668355,-2.2078942843184493,3.6192634671448074,-1.7632301948857774,4.4826176122400305
743,-2.5602651437987505,-7.663492312611293,2.561906202939703,4.029222035626532,0.2929745073921832,-4.048077927424238
744,2.931777153408129,1.8346554119639527,1.2134910827646639,9.822905984578696,7.958712651184431,-0.5927242904558265
745,-7.821666178643945,-0.7869054899304828,-1.0792849821936592,0.02823861812519901,1.4428190579319413,-3.1050027809111485
746,-8.966432780060746,-4.833215521187174,-1.7767353471373517,4.773752555840009,-2.1997215124386633,0.5107202001244989
747,-5.682746940283981,-3.7529674751957884,-7.615710119062436,3.1725892683295385,1.7523474092868434,3.823720398852238
748,-2.073087566400326,-1.6494239123735635,3.4688293932280008,1.3370583068260409,0.5085908720766209,-1.2064513993663373
749,1.729113245633216,1.2835440348655385,-1.3730976452246964,2.611989852763903,3.2151791745064733,-0.7391286836420883
750,1.433342518554992,-2.805434985354473,-2.406661434394979,-1.3402105910598887,-2.8050388833302606,-1.1824112736616033
751,-1.1176532090940658,-2.6837659137661865,-2.0402606020773435,-1.969311419115447,-0.7392017623819991,2.262305761324435
752,6.117980579435674,2.8145933585596357,2.221525934837507,-11.82673223451497,-4.7562580262395135,4.10563436953059
753,6.173069375137246,8.407084351463526,0.16704347750393556,-11.007313211165737,-5.132699269099222,-8.486478976236281
754,-4.918072636440985,1.790302639892131,4.472718067760105,2.3347383564423416,1.439981242490741,-3.713813286878347
755,-3.301833575218785,-8.176415448793431,-1.8829986083353676,0.9388837476159421,-2.393560829931589,-0.21736979383020383
756,1.2484585230763732,-4.682584440891155,-1.915585336524607,-2.686621861653405,-7.729707454273617,-2.599016460346604
757,-0.38949262195788403,-3.143361752741071,3.3892761088151593,1.3222065720635796,-3.0371780497608114,5.149945010114841
758,0.2765615114188138,-4.312104301347457,1.510527416162951,-5.851876125453238,-3.5993560710567696,-6.431189017600865
759,-2.9191958129813256,-1.277710445828042,-5.654168706370373,-3.4813435002802873,-2.8239383937222153,2.701558616564544
760,-5.5851927268632755,-2.5728389014551727,5.907919321856475,1.599836444690519,5.437688653237007,-2.758897897964871
761,8.561495612863569,-3.5208687748740797,23.62238475225862,-0.4824415956195711,3.503407036295727,-6.301630696593322
762,-4.088861821232959,-2.9322299802610483,1.7097381136733802,-0.44468690896530433,0.14923444591748636,1.1483568881090247
763,-2.810775000903037,-2.3010858810658936,0.6072813869041839,-2.0343074956212552,1.784641297512642,2.814799753771056
764,9.717084663789405,-4.769897705381521,4.791030557388144,-18.214666358404713,-5.6299997228273835,-4.183999608758304
765,0.6798848870994353,-0.3797063902363931,0.5547195040303705,3.293516377606085,2.908849209176502,4.704193412793859
766,-2.244665647490965,-0.7180383619175572,2.4000422981145886,2.363601810644713,1.948692743029812,0.11645941620261313
767,-1.4079129968135,6.470001971521691,-1.2756569293099806,-2.4712857844363016,-2.093222048419272,1.841495037067515
768,-2.654524396818725,-1.482625068735326,0.6323087119744886,2.5621469596003794,-3.6198627931862752,5.185735556362148
769,5.067653802235351,7.984240109992237,-3.5044080768131574,1.7130590979764806,-9.422931479275013,2.344845487666565
770,-4.253247847993355,3.6537139598663306,-3.45463400248067,4.0052381682831815,-3.2214544705502886,-2.1944194827732915
771,1.5942898516477446,-4.053073538883764,6.2505973127673276,3.780708030103929,4.413850329461886,-2.3449634354830557
772,0.7074165455408603,2.3378559975587607,2.9636396781612904,-3.0212405713726067,1.0275253071818404,-1.9652630320720923
773,4.799966757443167,-1.3112146576184085,-2.888914076239554,-4.3145448586158395,-0.6170801978129669,-1.6744358810542421
774,9.156422124361368,-3.0664269001147293,-4.721409489604232,-3.6514623337106276,3.3555773095895614,-5.932288558901078
775,5.254851454363777,2.2295860644157166,0.6618333030545576,-5.683770973706871,-5.008806268423783,-3.7765330630611684
776,4.995513895580848,-1.3314135278041777,-3.3581523458449993,-5.253368946207947,0.060173777900033865,-4.087794406049844
777,4.510061805448812,-8.324003659404271,-9.289154964270262,-1.5172939327636614,-1.782958544105837,3.9126936572738718
778,-5.475188097156357,-4.518886114184014,0.5747114498545152,5.178288376913746,-3.8598815391398205,-0.7712283714403362
779,-3.7461332465145984,-2.5870349766260476,2.521216520452036,6.388583869085199,3.277957903530427,3.7182709426684974
780,-1.6226041409249659,-0.8306714858527218,8.18657888121869,1.9146656460806535,3.672754924117661,0.959326094679074
781,3.5988734920633956,-6.604812950794298,-2.550436260067121,0.24522701091433868,-2.7923888500944276,5.197094697524037
782,-4.023498726177432,-1.8460417862554346,2.2455340127235637,-0.8228213201540825,-3.057281710398325,-2.237118533449252
783,-0.9005059018869812,-4.489416095890441,10.609843953011161,-5.640583293371979,-0.7217991891201938,1.6662337788909394
784,6.454751450625572,-0.8497134700580207,6.214319250910795,-6.681800113768671,-3.677882920005025,-1.309829459186914
785,-2.8986053230025597,0.05918101417903521,4.9321089406024115,-2.4521227417510962,0.3101102947911152,-2.2042243392448975
786,-4.531680610375653,-0.6407683925407965,4.484638700323899,-3.4824114016118437,-1.1721167886829864,1.1072259640629694
787,2.1164370906376906,4.770972748516191,-1.054459305425715,-1.8209021521178244,-0.1094273886427497,0.483118471944477
788,-1.5604611002303148,9.02952269528081,-5.569677206734396,0.8119344854277035,-3.3602965966484435,3.813383559644687
789,2.9995466947968854,1.010165733250113,-4.719256838769056,-3.6194413265563257,-4.799872881722928,-0.23527977140451856
790,1.4269627083026557,12.783495379739065,-1.1835074706397641,-5.0828360777139965,0.8582244009041448,-2.910744057165308
791,-7.449391649691257,-3.746953730036677,-3.4283180142777905,4.015763462594879,3.973794964459948,-0.7985782092752611
792,-4.697456315526589,-5.345533013631455,-3.1960915836870973,-0.20162276554730485,4.281198607615353,-0.030319687748523894
793,2.2548920089409448,-8.045311830651514,-5.197521672414041,1.5167827217355137,-0.30123840394016277,6.996422752550505
794,-5.712241997834518,-4.886126751576197,-0.9348952918112947,-0.9067033586370877,3.351221191336351,-4.294601673402194
795,0.45398261062378126,1.3865493179202248,-2.7885876809458954,-4.36219954315045,-2.5042777683014363,-7.510963099373239
796,-2.9256046490600527,-1.9086225939152424,-7.005279685648384,1.2582613602494053,-1.0603857006077297,2.9126963347575914
797,1.2818145927665219,-0.9274017316444398,-0.9057730081008486,1.5769807606612616,5.822800435398636,3.3295179309839265
798,3.3717723712352052,-2.5260203600341073,-3.2088417215916016,0.08947975561004862,1.8633487376648639,3.1188759924940417
799,1.3350237841695871,3.4789711071887104,-4.393775246861173,2.926932112871355,2.692454955193137,-0.0241828944405863
800,2.2507237289644575,0.8721587464186495,-0.7895881075980112,0.43494844493660445,-4.031344929990128,-0.17571727032301931
801,1.3494116869611996,3.5204502780642675,1.6872906509733931,0.9252807442686548,-5.199695878158393,0.6425366051948862
802,3.850755565912287,1.8136381863706244,-2.9210212755283766,-2.6050070600801494,-5.087155033951214,2.1967699565790717
803,0.2556182565033396,2.631616702066773,-0.016372142317768762,0.32162447634682745,-0.40371347418369785,7.754416353688352
804,-1.7459329372374444,-0.7382482246603612,1.0062410494422265,2.4552999536555387,0.0511877545970173,0.49709957170637076
805,-5.354504938617965,-5.388734710092056,-5.885339522600316,0.13021529494671513,-1.5965995854466,0.20361286438860837
806,-0.6538311317778438,3.8585610014849774,-4.305993985524131,2.9681038289651536,-9.23910923452664,1.5275310692040793
807,2.5189869485418996,-0.3983722271412484,-4.767591916331126,-1.0342494590367568,0.9486341838839938,-0.6939370535400641
808,0.9332681346205711,3.008891182398799,2.5881364069689763,-4.727246673729671,1.3486134676128072,3.5264639731258876
809,-6.738627641395715,-1.9874355053240862,-2.3509187037326167,-0.4201496828519325,4.308512152905268,0.8235560476741999
810,-1.5863252357725748,3.808422822971577,3.2750249827118134,-6.077534843207071,1.0524273751306727,-0.8111541735507125
811,5.165719247102248,3.8916107351673452,-1.8253491733222642,-4.231473989422149,3.598660900933103,-4.630664896819196
812,-1.2261467591477802,0.5806605436066758,0.03323407773473763,-2.273518551295434,-1.0402786298153226,-1.4238026588370052
813,-5.273282493956065,2.0607089954656477,-2.5803524284629096,3.674540129076855,0.6413537232761124,-3.1801808952778052
814,3.8777349861683144,7.074640368346593,-1.3023317903962817,-3.6585210111114037,-2.4831692931699076,2.8413515152031272
815,3.173793023583106,-6.199893164416187,4.227464342081127,6.255455851392064,-2.1687482207177022,2.507372246308604
816,1.3568008161936727,-2.0930673676739304,0.6944385436378218,2.522760653811884,0.12592282027229973,-1.9039957993667986
817,-4.68625540019187,-2.186170312392809,0.25662983757438274,6.709007051665827,0.7959380040974575,-2.371378233495863
818,3.837534579380262,-0.4962887389505006,1.2297035665729958,6.5269793911245735,3.8869731643296808,6.901859156854105
819,-2.3780346716032525,-3.0183056448100265,-3.4313274139961703,6.881747867972412,2.403845677281028,-0.28015735161793437
820,3.8381599527058903,-1.7926104004270105,-3.6717097526618945,-1.373449632371225,2.510052519752878,-0.617371167798269
821,-3.098727000450696,0.4046851446634965,0.19244129409284297,-5.498965958580329,-1.0804345577644223,1.902391748460575
822,-4.543751025446483,2.15789943290672,0.15063932181263157,-1.6238132698839802,-0.42809070650290026,-0.6370823595711335
823,0.5314535916556841,4.352300386051776,-0.7319213979406656,-2.111044299155545,0.10029879025492772,0.8447322304865752
824,5.28088421038681,3.5932491606296884,-0.6681268757143832,-1.735115662166113,-2.4299853264749847,8.544686414020644
825,-0.7745273156860413,6.8871043628678486,-4.848676583860093,-2.967006666650189,2.550973642591714,4.763995352394097
826,5.073107567564658,0.9800628907412418,3.6236409825574776,-5.221382503846883,-7.294153333083288,-0.2086679967084899
827,-4.960736936868561,-4.661409172755146,-0.13349503397505524,1.779425428582397,-0.5653483785918301,0.353471221681263
828,-7.734626409283383,-2.6058470129929523,-2.8073866780627874,-0.45174311261015854,-0.5416804051189166,-2.1604380016500717
829,1.440983084863238,-7.282956487441915,-5.249772237885546,-7.311907853312404,-4.836864071204002,1.4901524744723895
830,0.6309779208360022,-5.903643744898426,-1.4211429383343037,-4.985898034356208,-0.445137050577455,1.9274863710693921
831,-10.682132768894768,-0.4874863898549333,2.7178350279891728,4.629351421635231,5.28338243201186,-3.3564290979770446
832,-7.757556059369959,4.1577386444809,-4.0508833929370125,-1.9099092454878823,3.1415920242810973,0.8416738920300963
833,-6.073013616315528,2.8990212020976514,1.7534267027100559,-2.978929327494803,1.5107211519293395,4.557483706834
834,1.8961264855382542,-3.785219699729175,3.8892508656232305,-8.423013485363601,3.1811435346892396,-3.541163687906761
835,9.294705514427974,-1.6415156222184335,6.435716747411886,-13.17234120197767,-0.328178607127225,0.03710150985510863
836,7.716481720235331,0.9783588680829309,2.0599000676924075,-4.758043748732861,6.106317052670427,-1.7325614711103374
837,9.146479234434079,5.216402218368907,-0.9654506736260111,-11.325665811080384,-1.7818889969198635,2.4763618054402707
838,-0.5151821597526252,8.81895116920877,-5.0162138022935,-2.0866725510634714,1.623445809917931,0.4608810966689529
839,-3.253605385889199,8.139001204265902,-5.889327312799265,1.0081293088490382,8.51396856814883,-0.7882281011149348
840,-3.333731700202522,1.6686655625143008,-2.940128880260289,1.8901414314527174,-0.33266600126408696,2.683443041275007
