,group,error
0,APA,18.039586679306897
1,APA,32.0362281276612
2,APA,43.8323948918478
3,APA,36.3894303008822
4,APA,97.49203790391041
5,APA,39.574260677756904
6,APA,31.621010182926696
7,APA,7.433539557051951
8,APA,6.84402500933045
9,APA,5.59446417948915
10,APA,11.177006070611801
11,APA,20.5570093041835
12,APA,32.6352372632164
13,APA,51.528638066789
14,APA,12.847569480639802
15,APA,7.83371382886393
16,APA,8.83265515150637
17,APA,8.65179888256311
18,APA,11.7219389164475
19,APA,19.305056532942
20,APA,29.8376051895996
21,APA,44.3555692364881
22,APA,96.6243884026939
23,APA,149.480370534855
24,APA,26.7046661533985
25,APA,6.5210261597109005
26,APA,14.2174893793223
27,APA,8.08082181896853
28,APA,9.12840021329708
29,APA,7.80553725799584
30,APA,12.2119766926951
31,APA,19.4286248485392
32,APA,28.805687737236
33,APA,36.2075921824119
34,APA,61.0575385404266
35,APA,74.76852077705999
36,APA,7.00528080315872
37,APA,47.180824802131006
38,APA,51.2484404006017
39,APA,31.4395325930023
40,APA,24.215998669267698
41,APA,12.7270083271462
42,APA,8.43559628300593
43,APA,7.9140933163452996
44,APA,7.88491230071994
45,APA,10.0349948374357
46,APA,17.0787736078743
47,APA,25.2091140997058
48,APA,33.6223527925059
49,APA,38.8846343134544
50,APA,53.921346752623606
51,APA,88.92047275586019
52,APA,46.6765570572596
53,APA,56.23332283048511
54,APA,37.0762331623304
55,APA,17.0958210130426
56,APA,10.362509319398
57,APA,9.59738370524856
58,APA,7.93238721059628
59,APA,9.96252774963193
60,APA,15.143876130675
61,APA,15.780188483345402
62,APA,23.229128341091197
63,APA,29.8405195543072
64,APA,33.0201454386284
65,APA,40.3602448272324
66,APA,74.3688938147065
67,APA,25.2332820094305
68,APA,34.7644063362328
69,APA,35.2876976612525
70,APA,26.5448023285924
71,APA,11.6186968439652
72,APA,6.73090451216573
73,APA,4.91766349727095
74,APA,4.5996300581476
75,APA,7.36115456874395
76,APA,12.113266448278802
77,APA,14.196487283971601
78,APA,22.9491110066331
79,APA,26.3729580949798
80,APA,32.4305996865076
81,APA,41.9497097661759
82,APA,92.6633128271212
83,APA,28.1411462915095
84,APA,22.8004691203299
85,APA,18.4175635583827
86,APA,10.970816940960699
87,APA,4.76107190644868
88,APA,4.17017500206382
89,APA,5.29350691546462
90,APA,7.9097430275281795
91,APA,9.459793408719321
92,APA,14.165790610236002
93,APA,20.381931047216
94,APA,25.4605933101227
95,APA,33.5715983304578
96,APA,41.27566311546371
97,APA,83.1832966151974
98,APA,42.2095407694785
99,APA,26.260876291988396
100,APA,16.611532696388
101,APA,7.9114823893405
102,APA,3.96106459603394
103,APA,3.31749378138704
104,APA,5.22439898156751
105,APA,8.06607264539261
106,APA,8.36387743025746
107,APA,11.8772631067748
108,APA,19.3869178958959
109,APA,27.605868485423102
110,APA,32.331424745372
111,APA,36.0085064585629
112,APA,37.136211091293895
113,APA,27.2595011167274
114,APA,12.544525569848402
115,APA,6.86772119987953
116,APA,4.21243484118954
117,APA,3.75739238684457
118,APA,8.97469364956777
119,APA,6.6021402900484
120,APA,7.61116920705121
121,APA,15.1121484293674
122,APA,20.6183656551427
123,APA,26.5598125829709
124,APA,31.7033763868551
125,APA,50.1882591298069
126,APA,25.2124561407509
127,APA,10.1773835874678
128,APA,6.112377167897559
129,APA,3.33362748153003
130,APA,4.5466952654009
131,APA,11.084520690743899
132,APA,6.99770136786637
133,APA,8.5476407647639
134,APA,14.1148791541096
135,APA,21.0622268419977
136,APA,29.5340801133153
137,APA,34.9838271437507
138,APA,48.8456152305997
139,APA,67.875594619108
140,APA,67.5888372802934
141,APA,29.1679281338828
142,APA,27.779462932018
143,APA,13.9016839101721
144,APA,7.07931730128701
145,APA,4.63322318111196
146,APA,3.44211959234895
147,APA,4.1219130161079
148,APA,5.9514139765991105
149,APA,9.98791691757775
150,APA,12.703273368432301
151,APA,19.667031808012396
152,APA,30.7031557063127
153,APA,33.17011584921261
154,APA,45.8720820464265
155,APA,75.4358415654037
156,APA,99.9192298500848
157,APA,65.0320830944437
158,APA,72.0783977667765
159,APA,31.480769322353503
160,APA,28.5667633054219
161,APA,18.9019397447444
162,APA,14.9556606290289
163,APA,4.4342590597643605
164,APA,2.20052405748289
165,APA,2.72806983531067
166,APA,3.3075298845467103
167,APA,4.7577940494745
168,APA,10.0878200280325
169,APA,18.5859087446364
170,APA,27.402427440727802
171,APA,28.5516601443708
172,APA,43.2553476346064
173,APA,53.07986088214871
174,APA,46.8812137935531
175,APA,58.119719064871504
176,APA,50.2519190597869
177,APA,46.84690178188949
178,APA,12.316386773173999
179,APA,8.068174442939691
180,APA,8.787978667349241
181,APA,31.4106233970892
182,APA,31.4357747323349
183,APA,25.570085777649897
184,APA,12.1289145467176
185,APA,4.72802079959752
186,APA,1.9830249691938897
187,APA,1.80580655996029
188,APA,1.65953676867203
189,APA,2.86549382346845
190,APA,9.40674338807449
191,APA,16.56733875569
192,APA,25.3787440319247
193,APA,30.3415145493301
194,APA,35.006562710307605
195,APA,40.0090043092309
196,APA,45.62938612972779
197,APA,47.344274055209596
198,APA,38.6833811087584
199,APA,34.957153313729805
200,APA,35.6131283935594
201,APA,31.961804683868298
202,APA,28.095456161985602
203,APA,25.8880310610743
204,APA,19.0876042992089
205,APA,15.229321918079698
206,APA,4.16734956856566
207,APA,6.11188208590714
208,APA,36.712424100734204
209,APA,39.848440149189
210,APA,16.5597743081112
211,APA,5.7933435063344
212,APA,2.3339191366632996
213,APA,1.19209921879454
214,APA,0.49868431724261403
215,APA,1.29883838425805
216,APA,10.9431117901283
217,APA,21.2130610975565
218,APA,25.126653509098002
219,APA,30.853900620367604
220,APA,34.4433262469361
221,APA,38.900427075253894
222,APA,41.6843428094669
223,APA,40.5643461937144
224,APA,42.006939635756105
225,APA,35.123765116686
226,APA,38.2074245126306
227,APA,31.918264217862898
228,APA,40.0080616591931
229,APA,28.3444682379509
230,APA,29.606212738475104
231,APA,27.0998915642555
232,APA,18.8429292960059
233,APA,11.690468265876698
234,APA,6.21865879074991
235,APA,12.9146093606006
236,APA,44.6660606276124
237,APA,15.450671395841301
238,APA,6.79772003871474
239,APA,1.25756210721769
240,APA,0.633463675897127
241,APA,0.5280981637526111
242,APA,2.73305456327349
243,APA,6.10924138775857
244,APA,23.7988399001525
245,APA,28.141274193445
246,APA,37.3744532762184
247,APA,34.830483294820105
248,APA,36.2302975153063
249,APA,39.1313209206262
250,APA,32.5972301665657
251,APA,30.5111152417198
252,APA,31.097147411897897
253,APA,28.585050066607298
254,APA,31.033933360833302
255,APA,31.6488776168177
256,APA,33.9865128581326
257,APA,34.0134912745173
258,APA,29.9986986113971
259,APA,24.205935709884898
260,APA,17.2720988843088
261,APA,11.072920601719101
262,APA,16.2023113322808
263,APA,25.858950184337303
264,APA,36.43096603584579
265,APA,40.748996293763
266,APA,31.760678302609502
267,APA,17.2080183147828
268,APA,3.1406057112026
269,APA,0.948796470552118
270,APA,0.6966249806140269
271,APA,0.8151403784287171
272,APA,3.852033419083
273,APA,11.2761903967984
274,APA,24.154544479341602
275,APA,27.347225462023
276,APA,32.0892054442981
277,APA,34.5414811286902
278,APA,33.8188031776203
279,APA,27.859254104714303
280,APA,28.471768380718498
281,APA,29.026570093987
282,APA,31.8893827037408
283,APA,32.039551807291396
284,APA,31.7951038245825
285,APA,34.803630007670606
286,APA,36.8655562293734
287,APA,34.2892525942635
288,APA,31.8361076304423
289,APA,26.645756626705197
290,APA,21.2093888560009
291,APA,17.934326883812698
292,APA,16.921116183199402
293,APA,19.9016332878641
294,APA,26.657540752631196
295,APA,32.9401026734137
296,APA,23.662425543843998
297,APA,10.537628134466301
298,APA,2.36979930593813
299,APA,0.7580385774534979
300,APA,0.752072161075135
301,APA,1.1498287726691898
302,APA,7.3040595440944305
303,APA,16.586829616839598
304,APA,21.405435281743
305,APA,22.068408537595502
306,APA,27.3517651069358
307,APA,33.2722622260441
308,APA,29.195452759488102
309,APA,26.3385152391681
310,APA,31.292499315215398
311,APA,24.4827926475123
312,APA,27.0257601896065
313,APA,26.6069494984123
314,APA,35.752665043680395
315,APA,36.166948511632704
316,APA,36.95363815653471
317,APA,33.3318131959012
318,APA,31.405155756646298
319,APA,30.1265183041536
320,APA,28.8621682990557
321,APA,26.3102346053467
322,APA,22.4441223907267
323,APA,23.341399268141497
324,APA,38.895115407119896
325,APA,30.2416805074932
326,APA,33.3941054393754
327,APA,10.0123689307955
328,APA,1.84713078417676
329,APA,0.790362077983644
330,APA,0.334076504317333
331,APA,0.24666769247642104
332,APA,5.01416443249862
333,APA,18.7858139376164
334,APA,17.6540943380572
335,APA,23.1607257367582
336,APA,31.4832348431961
337,APA,29.2568086390912
338,APA,28.6616767657727
339,APA,30.7588240612225
340,APA,27.9835989819894
341,APA,24.7794886105922
342,APA,24.4521917392381
343,APA,25.690644057575497
344,APA,33.809390136848194
345,APA,37.976110763559106
346,APA,38.787721111369294
347,APA,36.907889262541204
348,APA,32.242809392783606
349,APA,32.0125359253763
350,APA,29.3931997491246
351,APA,31.4517932828822
352,APA,30.3563557179247
353,APA,34.2545124631592
354,APA,31.422065171756202
355,APA,46.280047124664094
356,APA,12.646088927706199
357,APA,2.10871342731779
358,APA,0.5147261647596679
359,APA,0.10185556974132501
360,APA,0.8989640127702099
361,APA,3.75853425459643
362,APA,12.418847803676
363,APA,20.027105282945897
364,APA,22.281801218199803
365,APA,28.921370111616604
366,APA,24.072515399683198
367,APA,26.336462141820398
368,APA,24.4219514569553
369,APA,28.132396861872103
370,APA,30.174439306405002
371,APA,29.594938792279102
372,APA,29.7444754855328
373,APA,34.4570871784984
374,APA,39.942431656429996
375,APA,40.2303399798763
376,APA,42.0593573321463
377,APA,34.5828862336542
378,APA,28.5694076307361
379,APA,29.1613404659607
380,APA,30.535626145288898
381,APA,35.8514106528125
382,APA,53.630741568707
383,APA,21.2581971473513
384,APA,48.4046627123466
385,APA,33.3147374496097
386,APA,5.36669148916911
387,APA,1.27836837900047
388,APA,0.7203255665063331
389,APA,0.397931611248848
390,APA,0.927023590220241
391,APA,4.28664672887778
392,APA,11.5291364006635
393,APA,18.188704048934
394,APA,21.5222245365976
395,APA,28.7669443714109
396,APA,32.1481003176142
397,APA,28.934357083006603
398,APA,28.736222821739396
399,APA,32.7234622289171
400,APA,32.9691986670567
401,APA,35.3345124189582
402,APA,34.764815978521
403,APA,36.6697898092107
404,APA,39.542535721083496
405,APA,38.8839416888611
406,APA,46.6066865780881
407,APA,43.313439001195604
408,APA,44.2144385357745
409,APA,36.3923960289221
410,APA,39.7200031322281
411,APA,52.361714248566294
412,APA,17.4559082560128
413,APA,30.697668479724697
414,APA,36.663227284026604
415,APA,11.603755731537099
416,APA,2.83011302719841
417,APA,1.2627012980347199
418,APA,0.8639612834590781
419,APA,2.2498947879512303
420,APA,6.34573207047588
421,APA,12.3976830543839
422,APA,19.118046254831
423,APA,24.9094977554239
424,APA,31.9769121458219
425,APA,32.3180646390854
426,APA,30.8580823820085
427,APA,36.3820667812066
428,APA,42.5392911411976
429,APA,34.0892191562177
430,APA,34.6022548197546
431,APA,38.8993183308073
432,APA,34.801207910060896
433,APA,40.0521274467629
434,APA,43.5400136126958
435,APA,62.299683339027794
436,APA,54.986831024279795
437,APA,47.4293237303908
438,APA,57.179301479765606
439,APA,57.2303089079224
440,APA,21.317793327483002
441,APA,34.4625110733113
442,APA,22.8175964399901
443,APA,13.689708668548
444,APA,6.41376864413494
445,APA,6.6154277335220195
446,APA,3.6987616072919
447,APA,7.42062331906513
448,APA,8.30465398725644
449,APA,16.4794154050414
450,APA,23.3419158534345
451,APA,34.0010968843882
452,APA,36.3332593411024
453,APA,35.721708401255704
454,APA,25.660396057778396
455,APA,36.064615027601704
456,APA,41.30376110960739
457,APA,40.0622693232185
458,APA,34.9853477046223
459,APA,50.9257083684072
460,APA,42.2034850815795
461,APA,44.2603226303234
462,APA,53.65217648021321
463,APA,60.285758611468104
464,APA,66.6607622876257
465,APA,60.3734666273546
466,APA,24.9647202821592
467,APA,19.2073682601699
468,APA,9.78243934058074
469,APA,8.037240426761121
470,APA,7.0908344105294
471,APA,7.262689596493501
472,APA,7.87594031498841
473,APA,14.1723886493261
474,APA,17.1104243900927
475,APA,22.7688774145486
476,APA,29.601091997079703
477,APA,34.500894071125195
478,APA,30.8804731381841
479,APA,34.4013124817245
480,APA,40.387818630486
481,APA,39.794980157531
482,APA,41.2408699285714
483,APA,41.0208768406765
484,APA,47.959624357599296
485,APA,41.277152815836
486,APA,43.13005386420279
487,APA,45.8697377935045
488,APA,51.9895105710975
489,APA,75.29478258145791
490,APA,29.794592234293297
491,APA,23.808697647269803
492,APA,13.408780880955401
493,APA,8.02604020817013
494,APA,10.087178982595699
495,APA,11.6848256949941
496,APA,11.808076111566802
497,APA,19.0651966306905
498,APA,18.917954981407302
499,APA,16.8159953104934
500,APA,19.658469079133397
501,APA,24.445049839506396
502,APA,34.7672228923248
503,APA,43.191394797810496
504,APA,30.0155730002597
505,APA,31.3578640777169
506,APA,37.8312585290525
507,APA,60.845493009774195
508,APA,51.4241633736506
509,APA,50.503802594989395
510,APA,61.6637363554286
511,APA,57.940714072742395
512,APA,20.1396724537724
513,APA,31.819412021694102
514,APA,21.559037291024698
515,APA,12.500117646322998
516,APA,11.170945485378999
517,APA,17.593969375835897
518,APA,13.6073834745264
519,APA,12.3028930810655
520,APA,15.0399208624737
521,APA,13.2114224551394
522,APA,19.224456402190498
523,APA,23.870462478422
524,APA,25.7231196018116
525,APA,28.770095073664898
526,APA,29.790398505838198
527,APA,31.7455584566192
528,APA,42.8237730457296
529,APA,113.586357205212
530,APA,79.1055700528766
531,APA,85.95954727168609
532,APA,50.8783687809628
533,APA,45.1206053289473
534,APA,61.7839882497078
535,APA,15.2832895224597
536,APA,26.224306907241697
537,APA,32.0242038199385
538,APA,16.4327525802637
539,APA,13.554170024033802
540,APA,14.114655715644
541,APA,15.6960956672948
542,APA,10.209932746980801
543,APA,10.947554160709698
544,APA,10.4283536983921
545,APA,10.375384633411599
546,APA,13.0807176040447
547,APA,14.412963104234299
548,APA,19.2843034354655
549,APA,26.997465266441303
550,APA,35.186236352250795
551,APA,42.1618898985698
552,APA,66.606249381569
553,APA,65.1935570225507
554,APA,84.38808267209009
555,APA,62.9530014439135
556,APA,59.8650170172855
557,APA,64.804006625098
558,APA,91.6159984210239
559,APA,20.283536538715104
560,APA,18.8445289352708
561,APA,27.600746559765803
562,APA,23.9099086372509
563,APA,13.5794904318621
564,APA,13.285697201284599
565,APA,14.0042802188956
566,APA,9.67417290151434
567,APA,11.9413392375172
568,APA,10.3489580444295
569,APA,7.54596970573619
570,APA,8.560506709309982
571,APA,12.7831485732726
572,APA,16.9321158733622
573,APA,18.506163969671302
574,APA,78.8325655556127
575,APA,62.4032646783117
576,APA,74.0386248380677
577,APA,81.7565788997573
578,APA,90.01836816139391
579,APA,105.090692937373
580,APA,20.2163532353863
581,APA,13.0072290258634
582,APA,32.7294683414328
583,APA,31.3941463116029
584,APA,13.970954070217399
585,APA,13.851867426189802
586,APA,9.607610009580972
587,APA,9.4811923262544
588,APA,9.70199316822202
589,APA,8.51045507669935
590,APA,5.347087129309429
591,APA,8.29497219470431
592,APA,79.30443966455401
593,APA,99.36449485151181
594,APA,110.508410764059
595,APA,10.158485670066
596,APA,15.109495233012
597,APA,8.69068686264384
598,APA,12.2076565325737
599,APA,28.061502649384497
600,APA,23.4696130071309
601,APA,11.113786270604502
602,APA,7.398325712187621
603,APA,8.894481732258539
604,APA,13.9017171642204
605,APA,18.895639100101498
606,APA,19.070785856875
607,APA,113.82694503326401
608,APA,72.34810544217159
609,APA,13.588174531844599
610,APA,12.850585860581699
611,APA,9.65238460210752
612,APA,10.4686238121031
613,APA,19.712037567082803
614,APA,21.7902945969605
615,APA,12.772939772246803
616,APA,8.81724415277422
617,APA,7.72001164590276
618,APA,10.7331750041514
619,APA,109.855400761972
620,APA,96.45733020225941
621,APA,85.4444793766405
622,APA,164.221581480939
623,APA,10.3874753089257
624,APA,14.3082174153003
625,APA,13.4712302551478
626,APA,11.2402573526985
627,APA,11.0696049511846
628,APA,18.8451284476394
629,APA,17.934338173284303
630,APA,12.348883826110999
631,APA,8.04436351570903
632,APA,66.29294504089971
633,APA,99.83119545500459
634,APA,98.02084418497309
635,EPA,17.9738277342972
636,EPA,32.009613130361
637,EPA,43.7513541647657
638,EPA,36.8235378506465
639,EPA,96.8961295425828
640,EPA,38.8380170511222
641,EPA,31.740737275672398
642,EPA,7.48665153639965
643,EPA,6.80677269520208
644,EPA,5.590371898627911
645,EPA,11.263451569409499
646,EPA,22.0699679287365
647,EPA,33.1024693497924
648,EPA,51.8763374231794
649,EPA,12.831931483259499
650,EPA,7.93295460865477
651,EPA,8.829400375616132
652,EPA,8.60021836504166
653,EPA,11.7993943036939
654,EPA,19.2554708633077
655,EPA,29.8799586266119
656,EPA,44.122034567585104
657,EPA,96.7874571486887
658,EPA,147.785882209594
659,EPA,25.9133579602777
660,EPA,8.4833564186925
661,EPA,14.170148837119601
662,EPA,8.10129646211869
663,EPA,9.12631344808163
664,EPA,7.79776302415877
665,EPA,12.085907848922
666,EPA,19.4676069134573
667,EPA,28.7762032457651
668,EPA,35.9456968263696
669,EPA,60.2024814031034
670,EPA,73.8071275219074
671,EPA,7.284457352681941
672,EPA,47.145650595883104
673,EPA,51.387913759411795
674,EPA,31.408666670092
675,EPA,24.1294581947158
676,EPA,12.9272658237196
677,EPA,8.44421484982234
678,EPA,7.902092467801809
679,EPA,7.894561731852269
680,EPA,10.0128067215541
681,EPA,17.0953737000074
682,EPA,25.092618528057102
683,EPA,33.545944186366704
684,EPA,39.2920777125839
685,EPA,53.885116781022795
686,EPA,90.7817247945527
687,EPA,46.6815885183396
688,EPA,56.2495751912393
689,EPA,37.3616015773976
690,EPA,17.2594719415662
691,EPA,10.342379237055802
692,EPA,9.61372778607088
693,EPA,7.93791593691883
694,EPA,10.1475062993346
695,EPA,15.420980675145199
696,EPA,16.0097403355974
697,EPA,23.196871744636002
698,EPA,30.054419283291203
699,EPA,32.8777456174896
700,EPA,40.204792998534295
701,EPA,74.2703652956458
702,EPA,24.8840005410023
703,EPA,34.728924953318604
704,EPA,35.3382226944597
705,EPA,26.519974493127197
706,EPA,11.6332507127657
707,EPA,6.69490804223137
708,EPA,4.81585110411658
709,EPA,4.61102055443029
710,EPA,7.436002980197049
711,EPA,12.150250243726198
712,EPA,14.1373039833165
713,EPA,22.903708218847605
714,EPA,26.203314259113
715,EPA,32.4832258457711
716,EPA,42.4400336993522
717,EPA,92.872432317601
718,EPA,28.758840121599302
719,EPA,22.819751804601697
720,EPA,18.328151071535896
721,EPA,10.9176403772496
722,EPA,4.75407642333217
723,EPA,4.11578505651223
724,EPA,5.2954837429842305
725,EPA,7.87594619612568
726,EPA,9.43115448883953
727,EPA,14.3259514240886
728,EPA,20.226035381406398
729,EPA,25.216977837080897
730,EPA,33.42819427416919
731,EPA,40.911431854993204
732,EPA,83.3791046667407
733,EPA,42.7500684338936
734,EPA,26.2183019760488
735,EPA,16.5322965946769
736,EPA,7.9280690137304495
737,EPA,3.95805694759072
738,EPA,3.31202569084557
739,EPA,5.22343769948321
740,EPA,7.9869818372149
741,EPA,8.34780262852925
742,EPA,11.882589051117499
743,EPA,19.2947762978687
744,EPA,27.3792369739388
745,EPA,32.129738455949
746,EPA,35.846708373635
747,EPA,37.500466632713206
748,EPA,27.200665128741104
749,EPA,12.597401088591699
750,EPA,6.8761017108006
751,EPA,4.20975293469169
752,EPA,3.75400482241993
753,EPA,8.9728755837025
754,EPA,6.58854774285676
755,EPA,7.604053324638571
756,EPA,15.0674920092893
757,EPA,20.6452835225891
758,EPA,26.484554161789898
759,EPA,31.8414146992882
760,EPA,50.50242917797011
761,EPA,25.185563548998605
762,EPA,10.149747421875
763,EPA,6.09516073864789
764,EPA,3.33851464406367
765,EPA,4.5314340705302
766,EPA,11.0564321835223
767,EPA,6.980711559567291
768,EPA,8.90214549735252
769,EPA,14.4475870576986
770,EPA,21.042393333016697
771,EPA,29.3811733299068
772,EPA,34.8209634981741
773,EPA,48.9140716155914
774,EPA,67.91741146386501
775,EPA,68.7809938472338
776,EPA,29.0234807051514
777,EPA,27.6250853207623
778,EPA,13.889592235334801
779,EPA,7.17880853474893
780,EPA,4.8302298194719295
781,EPA,3.4144307345587404
782,EPA,4.0933768365463505
783,EPA,6.0629261312569405
784,EPA,10.3151825240344
785,EPA,12.747676758612199
786,EPA,19.9176083983602
787,EPA,30.528149252212803
788,EPA,33.1216330667133
789,EPA,46.0947918045354
790,EPA,75.6188438099873
791,EPA,100.04923035911699
792,EPA,66.0774098646877
793,EPA,74.7466168146037
794,EPA,31.520742602922002
795,EPA,28.451926328522
796,EPA,18.9201145416456
797,EPA,14.930391532804801
798,EPA,4.672878536998519
799,EPA,2.21180312020341
800,EPA,2.7133058562279397
801,EPA,3.37123522484007
802,EPA,4.73757598343068
803,EPA,11.0968668086936
804,EPA,18.5487926532818
805,EPA,27.417817036870197
806,EPA,28.533631588490003
807,EPA,43.092479702732106
808,EPA,52.825667696211795
809,EPA,47.110944530686105
810,EPA,58.908611923170604
811,EPA,53.8925186084856
812,EPA,48.01113994886661
813,EPA,12.316769878300299
814,EPA,8.207844467507009
815,EPA,8.785085125574179
816,EPA,31.3572492390416
817,EPA,31.588920093871103
818,EPA,25.5632394814826
819,EPA,12.1816755355741
820,EPA,4.74134550682639
821,EPA,1.98965630148644
822,EPA,1.82673648741368
823,EPA,1.65813202789636
824,EPA,2.87720504837767
825,EPA,9.30346687608617
826,EPA,16.4901256407861
827,EPA,25.215253660353603
828,EPA,30.340531677364897
829,EPA,34.9953511250384
830,EPA,40.0054817262627
831,EPA,45.3214846191207
832,EPA,47.62612090369
833,EPA,39.058967259072
834,EPA,35.290368088029396
835,EPA,36.1583438438774
836,EPA,32.1907864553804
837,EPA,27.9905228300806
838,EPA,25.6886691254175
839,EPA,18.9430022749407
840,EPA,15.187972953376
841,EPA,4.192398883913629
842,EPA,6.15012559713536
843,EPA,36.5586544079644
844,EPA,39.9702681264455
845,EPA,16.6993947158475
846,EPA,5.7717773361802
847,EPA,2.330156672362
848,EPA,1.18273421006345
849,EPA,0.504481222702301
850,EPA,1.2926526044812199
851,EPA,10.858624602711501
852,EPA,21.6772551490442
853,EPA,25.311868790735197
854,EPA,30.5557651910983
855,EPA,34.2621136515455
856,EPA,38.514812540925895
857,EPA,41.701700362475705
858,EPA,41.00724372849329
859,EPA,41.8965531782564
860,EPA,35.5018571365328
861,EPA,38.26258924838589
862,EPA,31.760717465116603
863,EPA,40.5183802216224
864,EPA,28.470115021750104
865,EPA,29.4959303272393
866,EPA,27.082831544096305
867,EPA,18.8467606158868
868,EPA,11.624505098596199
869,EPA,6.254375282859981
870,EPA,12.9717344408351
871,EPA,44.536746272028296
872,EPA,15.5290322026338
873,EPA,6.79615991399037
874,EPA,1.25939622639081
875,EPA,0.62720329338201
876,EPA,0.52902062437505
877,EPA,2.6876673095894104
878,EPA,6.240052161873571
879,EPA,25.143322564956797
880,EPA,28.0258985490237
881,EPA,37.2548233324829
882,EPA,34.8873213929299
883,EPA,36.1582791482436
884,EPA,39.2521308305022
885,EPA,32.3089958693568
886,EPA,30.8782972664333
887,EPA,31.4012923403056
888,EPA,28.394137800650803
889,EPA,31.0505896206633
890,EPA,31.672274524010803
891,EPA,34.2179484512273
892,EPA,34.0456177011589
893,EPA,30.0313704741975
894,EPA,24.016589533385
895,EPA,17.180681207819198
896,EPA,11.084876608557101
897,EPA,16.404004151301102
898,EPA,26.4795594040674
899,EPA,35.575757106831006
900,EPA,40.511512147630796
901,EPA,31.8151206550003
902,EPA,17.2824670800369
903,EPA,3.1679627279172795
904,EPA,0.9438876131938959
905,EPA,0.694042165454791
906,EPA,0.813130938723121
907,EPA,3.85069051654023
908,EPA,11.1076659455443
909,EPA,24.4863962778884
910,EPA,27.447498772261
911,EPA,31.9764531867135
912,EPA,34.5329952118927
913,EPA,33.7096209115617
914,EPA,28.0453534313733
915,EPA,28.633782621387702
916,EPA,29.326108333538198
917,EPA,31.6022585862566
918,EPA,32.1574146489886
919,EPA,31.879121335405003
920,EPA,35.263424789412106
921,EPA,36.7436525700056
922,EPA,34.481737684436695
923,EPA,32.1893744382623
924,EPA,26.659861724848
925,EPA,21.6497130636761
926,EPA,17.941493487165502
927,EPA,17.0072938415992
928,EPA,19.867802172976397
929,EPA,26.6318680247335
930,EPA,32.8987428329875
931,EPA,23.674833819675698
932,EPA,10.513450567196301
933,EPA,2.3481410149558597
934,EPA,0.7545862113109979
935,EPA,0.751340878103672
936,EPA,1.1441717031145
937,EPA,7.38472661313569
938,EPA,16.7047475772717
939,EPA,21.173651356735803
940,EPA,21.9836001768508
941,EPA,27.019819468789603
942,EPA,33.0390730939344
943,EPA,29.171416580929797
944,EPA,26.2259173397963
945,EPA,31.109883168604302
946,EPA,24.6866905943406
947,EPA,26.8104418895996
948,EPA,26.5121492028332
949,EPA,35.7195363354475
950,EPA,36.0957921620766
951,EPA,36.866710086573896
952,EPA,33.3084086411272
953,EPA,31.487020938709897
954,EPA,29.8273904183043
955,EPA,29.5147882022295
956,EPA,26.613229893229605
957,EPA,22.4303871816921
958,EPA,23.1279870510534
959,EPA,38.8840776210838
960,EPA,30.019643169248
961,EPA,33.3161873628544
962,EPA,9.98458531545329
963,EPA,1.8276352745308402
964,EPA,0.7903053622505172
965,EPA,0.333910735955274
966,EPA,0.24546853308771105
967,EPA,4.99625264633974
968,EPA,18.7191647632036
969,EPA,17.5668968640048
970,EPA,23.0384560406968
971,EPA,31.354916682712897
972,EPA,29.386307676655196
973,EPA,27.8700859025672
974,EPA,31.0648386419147
975,EPA,27.958902949369804
976,EPA,24.625193212346698
977,EPA,24.2623172475528
978,EPA,25.3566367602338
979,EPA,33.9581353271453
980,EPA,37.8690719952995
981,EPA,38.4101337499755
982,EPA,37.2116593903865
983,EPA,32.2143376394922
984,EPA,32.0923177916102
985,EPA,29.6079540793248
986,EPA,32.1298640934769
987,EPA,30.243167119179002
988,EPA,34.204142892346894
989,EPA,31.601869838696103
990,EPA,46.2589379054002
991,EPA,12.5795124872638
992,EPA,2.1061555164913504
993,EPA,0.5136703591391509
994,EPA,0.10189703199515
995,EPA,0.9006335686645129
996,EPA,3.76118992755592
997,EPA,12.4634060357823
998,EPA,20.1373805225231
999,EPA,22.3605400211059
1000,EPA,28.947379439141102
1001,EPA,23.9454130849093
1002,EPA,26.982701550433898
1003,EPA,24.6818493248143
1004,EPA,28.0987098101964
1005,EPA,30.097926919107298
1006,EPA,29.428354059753605
1007,EPA,29.969862626334702
1008,EPA,34.579062465026496
1009,EPA,39.863654048726104
1010,EPA,40.1719235004559
1011,EPA,41.5068703931542
1012,EPA,35.016300523065
1013,EPA,29.0540082980942
1014,EPA,29.2344983946242
1015,EPA,31.1059784314279
1016,EPA,35.7877864471428
1017,EPA,53.6428312378479
1018,EPA,21.2073178352822
1019,EPA,48.5292362549095
1020,EPA,33.3043849909562
1021,EPA,5.3272248026609805
1022,EPA,1.2672447309411001
1023,EPA,0.7342640238676579
1024,EPA,0.39892339454607
1025,EPA,0.932674515319534
1026,EPA,4.31996371016791
1027,EPA,11.996004766770898
1028,EPA,18.0992593364969
1029,EPA,21.6448162906593
1030,EPA,29.213316012487102
1031,EPA,32.0855581897859
1032,EPA,28.6953825482456
1033,EPA,28.516937943187898
1034,EPA,32.5916151653213
1035,EPA,33.334173998611
1036,EPA,35.3604553133274
1037,EPA,34.8699019104747
1038,EPA,37.1804436848441
1039,EPA,39.264634629942705
1040,EPA,38.9208923290731
1041,EPA,46.825027378264295
1042,EPA,43.394999230759296
1043,EPA,44.4635074271251
1044,EPA,36.7909993048949
1045,EPA,39.6882431431986
1046,EPA,52.5415809609455
1047,EPA,17.4109245666884
1048,EPA,30.584811391027397
1049,EPA,36.5882910900482
1050,EPA,11.540576594230199
1051,EPA,2.8204379205144305
1052,EPA,1.27948550659773
1053,EPA,0.84538441726046
1054,EPA,2.24695732372023
1055,EPA,6.410896387967861
1056,EPA,12.393573578650301
1057,EPA,18.9703823381803
1058,EPA,24.744594176752898
1059,EPA,31.850610715047196
1060,EPA,32.8640901482052
1061,EPA,30.873372914471997
1062,EPA,36.272090151494204
1063,EPA,42.64665020591
1064,EPA,34.0823046638752
1065,EPA,35.0571103013269
1066,EPA,39.9040763316057
1067,EPA,35.139395329894
1068,EPA,39.9023363032288
1069,EPA,43.6753428830671
1070,EPA,62.0385810414695
1071,EPA,55.1290144622057
1072,EPA,47.5648988505173
1073,EPA,57.1935726724067
1074,EPA,56.6926685748739
1075,EPA,21.2812115088094
1076,EPA,34.6282060815496
1077,EPA,23.0082197978479
1078,EPA,13.6268215517639
1079,EPA,6.3541545581269405
1080,EPA,6.666642721785129
1081,EPA,3.6642379420367797
1082,EPA,7.49118788058791
1083,EPA,8.2352947310575
1084,EPA,16.266113115827597
1085,EPA,23.3476410942108
1086,EPA,34.1593421453283
1087,EPA,36.11861400489779
1088,EPA,35.7552148387674
1089,EPA,26.216480337975696
1090,EPA,36.7015935813673
1091,EPA,42.010787164338296
1092,EPA,43.5834016620201
1093,EPA,35.8875888051096
1094,EPA,51.9439353425249
1095,EPA,42.0571868186613
1096,EPA,44.1433676942719
1097,EPA,53.7895758723923
1098,EPA,60.242951172641106
1099,EPA,66.50812770655729
1100,EPA,60.2479356108498
1101,EPA,25.173957578248896
1102,EPA,19.246248769922897
1103,EPA,9.7878009520403
1104,EPA,8.0258255561175
1105,EPA,7.05190410303046
1106,EPA,7.11556337623741
1107,EPA,7.83576699231843
1108,EPA,14.22626478856
1109,EPA,17.093176893962802
1110,EPA,22.398222790331502
1111,EPA,29.8795032385602
1112,EPA,34.320965008761604
1113,EPA,30.7432569245073
1114,EPA,34.561372572863306
1115,EPA,42.7193703473718
1116,EPA,40.1845717095773
1117,EPA,43.344032752527895
1118,EPA,42.6104323499311
1119,EPA,48.4132622387718
1120,EPA,42.2383523175878
1121,EPA,43.2601314444423
1122,EPA,45.7478880279419
1123,EPA,51.6698288790189
1124,EPA,75.71303933068509
1125,EPA,30.624433765490302
1126,EPA,24.2891777863019
1127,EPA,13.383653232471001
1128,EPA,8.00730170554815
1129,EPA,10.054429273872
1130,EPA,11.311883929186802
1131,EPA,11.790320148671599
1132,EPA,18.9143951135209
1133,EPA,18.8751625077163
1134,EPA,17.034801443108197
1135,EPA,19.6827804536459
1136,EPA,24.333323041665803
1137,EPA,35.275413244597004
1138,EPA,44.2168308855677
1139,EPA,31.2440266607591
1140,EPA,31.4194821179807
1141,EPA,38.060816573413
1142,EPA,63.1820308836331
1143,EPA,51.296257368621205
1144,EPA,50.491781941692494
1145,EPA,61.3777763291716
1146,EPA,57.909377872424
1147,EPA,20.3078278848877
1148,EPA,31.846699889200202
1149,EPA,21.5273181761511
1150,EPA,12.3532246669425
1151,EPA,11.119418171521499
1152,EPA,17.5100787861348
1153,EPA,13.656152652588599
1154,EPA,12.267103957326698
1155,EPA,15.0151756232494
1156,EPA,13.143370612259
1157,EPA,19.487662255244103
1158,EPA,23.8524807622725
1159,EPA,25.4889139797859
1160,EPA,28.6418511067514
1161,EPA,30.3913586701724
1162,EPA,31.939525496763896
1163,EPA,44.23384446875111
1164,EPA,113.36062008266899
1165,EPA,79.0807520884685
1166,EPA,85.91394829093781
1167,EPA,50.720221731528504
1168,EPA,44.9192325641461
1169,EPA,62.3546774775948
1170,EPA,15.3883697401122
1171,EPA,26.2592504100218
1172,EPA,32.1817662709798
1173,EPA,16.4477201628381
1174,EPA,13.4855409340154
1175,EPA,14.065906048112302
1176,EPA,15.612519229242801
1177,EPA,10.327537796970802
1178,EPA,11.052844513722802
1179,EPA,10.4123183900756
1180,EPA,10.37523415701
1181,EPA,13.224478403484001
1182,EPA,14.444974684694099
1183,EPA,19.294753640866197
1184,EPA,27.4303465244944
1185,EPA,35.2327422356321
1186,EPA,42.3935700834465
1187,EPA,66.0008017052958
1188,EPA,65.1654966827433
1189,EPA,83.9124857582959
1190,EPA,62.71050116735471
1191,EPA,59.618840385252
1192,EPA,65.1726346632938
1193,EPA,91.8845427764292
1194,EPA,20.1889425745849
1195,EPA,18.7778477101114
1196,EPA,27.546502946543
1197,EPA,24.258577442505
1198,EPA,13.5433219431695
1199,EPA,13.2159469906653
1200,EPA,14.0316212161135
1201,EPA,9.68052575241598
1202,EPA,12.0460534085991
1203,EPA,10.5194923190396
1204,EPA,7.560563912106661
1205,EPA,8.6857299734684
1206,EPA,13.062701019082901
1207,EPA,17.0395163496727
1208,EPA,18.6339883445535
1209,EPA,78.8902709139425
1210,EPA,62.174104056142
1211,EPA,73.6971536867092
1212,EPA,81.6824490885823
1213,EPA,90.687132435636
1214,EPA,105.256033658297
1215,EPA,20.21851462751
1216,EPA,13.026694378718
1217,EPA,33.0146706411187
1218,EPA,31.4278129752705
1219,EPA,14.0860672755246
1220,EPA,13.8100470361888
1221,EPA,9.57981574266093
1222,EPA,9.47668628410158
1223,EPA,9.70973394909272
1224,EPA,8.66959881814888
1225,EPA,5.3264535417905
1226,EPA,8.797934351860212
1227,EPA,79.2341145114893
1228,EPA,98.5078046169447
1229,EPA,109.720768940314
1230,EPA,10.196945185910002
1231,EPA,15.078186809711001
1232,EPA,8.67332223908992
1233,EPA,12.1609149103854
1234,EPA,28.118579152351103
1235,EPA,23.3851148208285
1236,EPA,11.661178677350199
1237,EPA,7.46991153584118
1238,EPA,9.14615328042615
1239,EPA,14.2889255065337
1240,EPA,19.3358649456626
1241,EPA,19.253790971266397
1242,EPA,114.272282379016
1243,EPA,71.8708835185461
1244,EPA,13.5311838898505
1245,EPA,12.760440349307599
1246,EPA,9.550273412825561
1247,EPA,10.4817318407526
1248,EPA,19.533205075666896
1249,EPA,21.9814119587111
1250,EPA,12.8253208014821
1251,EPA,9.04446405633574
1252,EPA,7.724622775363151
1253,EPA,11.102372679435899
1254,EPA,109.91480419135
1255,EPA,96.1398653517653
1256,EPA,86.08463780782591
1257,EPA,167.514169366737
1258,EPA,10.378536080619801
1259,EPA,14.429493565259198
1260,EPA,13.444841529063199
1261,EPA,11.203306605103199
1262,EPA,10.9600088484484
1263,EPA,18.7333751520001
1264,EPA,18.1828033454833
1265,EPA,12.2484598634834
1266,EPA,8.10292758382788
1267,EPA,66.7990856469977
1268,EPA,99.9154544490092
1269,EPA,99.1597280016782
1270,A,20.834938229200002
1271,A,35.9423649589
1272,A,48.416334684300004
1273,A,41.3361598444
1274,A,115.6348894949
1275,A,43.7305992158
1276,A,35.9733806885
1277,A,7.4406141661000005
1278,A,6.7509893978
1279,A,5.8967622498
1280,A,12.996269113299999
1281,A,23.2959047236
1282,A,36.2834568367
1283,A,55.8258995538
1284,A,13.8888474323
1285,A,8.254778628
1286,A,9.276028798099999
1287,A,9.8237821131
1288,A,14.176358459100001
1289,A,22.938621798000003
1290,A,33.538487523200004
1291,A,49.0602196651
1292,A,101.9963230516
1293,A,157.6334130399
1294,A,25.7817779342
1295,A,9.1061309571
1296,A,14.7821488445
1297,A,8.2485509903
1298,A,9.703165475599999
1299,A,8.6078027341
1300,A,13.2347487415
1301,A,22.069006582800004
1302,A,32.242245998899996
1303,A,37.4658963699
1304,A,66.7673947184
1305,A,80.1384574481
1306,A,9.5133515971
1307,A,53.665811939899996
1308,A,58.4218621463
1309,A,36.2957916067
1310,A,26.4616606256
1311,A,13.178441030799998
1312,A,8.2804000849
1313,A,8.2372717495
1314,A,8.708828545800001
1315,A,10.3779980477
1316,A,17.9335506312
1317,A,26.857078776199998
1318,A,37.2895961342
1319,A,43.9599046809
1320,A,60.9435533926
1321,A,100.6594539998
1322,A,51.723156341499994
1323,A,63.8378046584
1324,A,42.531860428899996
1325,A,19.152754118599997
1326,A,10.5545236569
1327,A,9.257513595399999
1328,A,7.9469784503
1329,A,11.827165584600001
1330,A,17.9338551417
1331,A,17.1052375524
1332,A,24.3959138289
1333,A,31.7020723162
1334,A,36.6607874767
1335,A,45.334391655
1336,A,80.7626342195
1337,A,27.485380674600002
1338,A,37.7849662074
1339,A,40.1004837456
1340,A,29.715055415100004
1341,A,11.867127242899999
1342,A,6.7097583504
1343,A,4.6974444606
1344,A,5.0704255936000004
1345,A,8.356434444
1346,A,13.439036545599999
1347,A,15.158771231500001
1348,A,23.5064659706
1349,A,28.3490595192
1350,A,34.7899537578
1351,A,44.3821113582
1352,A,99.0961058283
1353,A,29.706653571100002
1354,A,26.181354285599998
1355,A,19.7453894351
1356,A,11.203794710899999
1357,A,4.6181167212
1358,A,3.9525485425
1359,A,5.4231720298
1360,A,8.9170447014
1361,A,10.6215533159
1362,A,15.0666355272
1363,A,20.9232377565
1364,A,28.3227325125
1365,A,37.108494344200004
1366,A,43.7037373901
1367,A,90.4398032744
1368,A,45.764482174899996
1369,A,30.175943135900003
1370,A,17.6780675299
1371,A,8.1266297713
1372,A,3.8453908178
1373,A,3.1793317306
1374,A,5.3507427108
1375,A,9.073792667000001
1376,A,9.3045754776
1377,A,13.3767444273
1378,A,20.0014855201
1379,A,29.297956429099997
1380,A,36.1577165706
1381,A,42.0227727181
1382,A,41.402790224200004
1383,A,31.2277077773
1384,A,12.868299538199999
1385,A,6.991954304400001
1386,A,4.1667416238
1387,A,3.6886229836
1388,A,9.5662760579
1389,A,7.3356936703999995
1390,A,8.226038616
1391,A,16.5732749214
1392,A,22.463679351
1393,A,29.7750511411
1394,A,37.317970826999996
1395,A,59.6962782689
1396,A,28.6358355906
1397,A,10.5792476128
1398,A,6.3261987247
1399,A,3.3900524527999996
1400,A,4.651277213399999
1401,A,12.3371728202
1402,A,7.5958079945
1403,A,9.5425600309
1404,A,16.2440169902
1405,A,24.1907061943
1406,A,32.432039703
1407,A,40.803633538
1408,A,52.437061230699996
1409,A,77.6899594554
1410,A,76.6217749674
1411,A,34.026639178
1412,A,31.402353178800002
1413,A,14.596534481700001
1414,A,7.4660530952999995
1415,A,4.6003687695
1416,A,3.3406488010000004
1417,A,4.0822398379000004
1418,A,6.983910156
1419,A,11.4190182297
1420,A,13.4699966076
1421,A,21.0400665394
1422,A,34.0859268806
1423,A,34.1006320061
1424,A,48.843009656599996
1425,A,85.1137119131
1426,A,107.0646347706
1427,A,73.0464004167
1428,A,81.7859222771
1429,A,36.9953095189
1430,A,31.803183992199997
1431,A,20.0948365605
1432,A,16.0191558952
1433,A,4.4907088727
1434,A,2.1413462652
1435,A,2.6233610928999997
1436,A,3.6066857666
1437,A,5.1183593465
1438,A,11.4584304619
1439,A,20.1973052042
1440,A,31.5356546531
1441,A,29.4620992583
1442,A,47.6865820145
1443,A,60.2121538857
1444,A,55.8671528726
1445,A,65.7852083759
1446,A,54.1360838979
1447,A,53.9451368272
1448,A,14.7785134502
1449,A,8.6816875155
1450,A,10.0777399972
1451,A,35.749049804
1452,A,36.7774034961
1453,A,29.4900207811
1454,A,13.185714651700001
1455,A,4.8059357661
1456,A,1.9147139009
1457,A,1.7860706728
1458,A,2.2178527944999997
1459,A,3.2686466171
1460,A,9.6204371001
1461,A,17.4513584671
1462,A,25.9971961718
1463,A,32.3152771252
1464,A,38.854541468600004
1465,A,47.4522754997
1466,A,52.218127047299994
1467,A,54.4744670555
1468,A,45.1762327355
1469,A,40.674621332600005
1470,A,40.2826585922
1471,A,35.299952925700005
1472,A,32.8437540654
1473,A,28.186471701
1474,A,21.3679198455
1475,A,17.6655413894
1476,A,4.420319392300001
1477,A,7.0213232866999995
1478,A,42.4647781459
1479,A,45.774131638
1480,A,18.9669544272
1481,A,5.8827190785
1482,A,2.2655421236
1483,A,1.5189451498
1484,A,1.1351456348
1485,A,1.8377179691
1486,A,10.6449056838
1487,A,21.839868299699997
1488,A,27.2525554025
1489,A,34.4231865802
1490,A,40.6112692167
1491,A,46.2925692485
1492,A,47.491176332200006
1493,A,48.2874890161
1494,A,50.9681266775
1495,A,40.7842033498
1496,A,42.5240259556
1497,A,36.4816820042
1498,A,44.7632594762
1499,A,32.114153265700004
1500,A,32.865963743
1501,A,30.1963051016
1502,A,20.5910123005
1503,A,12.8173413103
1504,A,6.276201234199999
1505,A,13.550165341600001
1506,A,49.9048490407
1507,A,19.221211402799998
1508,A,8.1658644002
1509,A,1.2586089047
1510,A,0.8273648115000001
1511,A,1.0118249116
1512,A,2.9273148749
1513,A,6.2482831107
1514,A,24.617934201399997
1515,A,29.7839228758
1516,A,40.0724449957
1517,A,39.022017678400005
1518,A,41.3430432893
1519,A,44.930799460500005
1520,A,37.4184205829
1521,A,35.8507102886
1522,A,33.870973532600004
1523,A,30.9244617903
1524,A,33.453296808800005
1525,A,36.9333661562
1526,A,37.8966712474
1527,A,37.3139806699
1528,A,33.299558665300005
1529,A,28.3801182124
1530,A,19.6726601449
1531,A,11.4707859885
1532,A,17.809823013800003
1533,A,31.001901758000002
1534,A,40.701451448
1535,A,47.357274071899994
1536,A,39.0502743419
1537,A,21.7017974908
1538,A,3.6431651897000004
1539,A,0.9384590681
1540,A,0.7014134770999999
1541,A,0.9967987624
1542,A,4.5000331407
1543,A,10.583189198200001
1544,A,25.0261539536
1545,A,30.782177028699998
1546,A,33.9303699545
1547,A,42.0106909318
1548,A,37.6000737782
1549,A,32.3065001434
1550,A,33.367197151300005
1551,A,35.3361427581
1552,A,35.606880949899995
1553,A,38.1200139108
1554,A,35.4254826735
1555,A,40.6186510967
1556,A,40.4687511058
1557,A,38.9227789804
1558,A,38.297810054
1559,A,31.0861672867
1560,A,24.431971466599997
1561,A,19.9934555994
1562,A,17.7906701767
1563,A,19.6925096478
1564,A,31.2359379093
1565,A,38.8845302828
1566,A,28.3947095569
1567,A,12.2952032273
1568,A,2.4822438358000003
1569,A,0.7797323547
1570,A,0.7243712332
1571,A,1.2472251815000002
1572,A,8.426228185700001
1573,A,16.087502713
1574,A,21.6003024366
1575,A,22.723485764699998
1576,A,30.2708422298
1577,A,36.9869271298
1578,A,31.138716033
1579,A,30.093544578899998
1580,A,34.480883115
1581,A,28.726302107
1582,A,31.1096873966
1583,A,28.3616913908
1584,A,39.6365394575
1585,A,40.3189915788
1586,A,39.7744148393
1587,A,37.3455147743
1588,A,39.3200775382
1589,A,35.9696680654
1590,A,33.9266367386
1591,A,30.2468520212
1592,A,24.6510521666
1593,A,23.279869358699997
1594,A,44.1516118264
1595,A,34.146508719
1596,A,37.2895740752
1597,A,12.048482723
1598,A,2.14330395
1599,A,0.7739489468
1600,A,0.3186532003
1601,A,0.23881933219999998
1602,A,4.7822522046
1603,A,20.0650245369
1604,A,18.2437942248
1605,A,24.0261490539
1606,A,33.8497350633
1607,A,33.4938081175
1608,A,29.3581630704
1609,A,34.4006112229
1610,A,31.5548188112
1611,A,28.7378517218
1612,A,28.074748571799997
1613,A,26.6125209954
1614,A,36.3466988651
1615,A,42.3416443344
1616,A,42.069871965
1617,A,44.563609518999996
1618,A,38.6820634475
1619,A,37.532958161799996
1620,A,32.870762382399995
1621,A,37.6142413041
1622,A,35.0001096048
1623,A,35.5850105773
1624,A,35.9331356593
1625,A,50.7484264816
1626,A,14.9876948973
1627,A,2.4000359354
1628,A,0.4874175822
1629,A,0.09547791060000001
1630,A,0.8589155507999999
1631,A,3.7576121682
1632,A,13.8048878651
1633,A,22.5851666275
1634,A,25.9671562283
1635,A,33.2721667514
1636,A,28.505357825700003
1637,A,29.455865287800002
1638,A,24.769119401599998
1639,A,31.868997628600003
1640,A,33.311909958600005
1641,A,32.6537416791
1642,A,32.2631806274
1643,A,38.7115703852
1644,A,46.158395407600004
1645,A,46.4246968845
1646,A,47.3589577665
1647,A,42.9914327658
1648,A,31.508008095500003
1649,A,32.2693640596
1650,A,37.3823300654
1651,A,44.017047855200005
1652,A,57.775739025600004
1653,A,23.6758507793
1654,A,57.1507795743
1655,A,40.826712935100005
1656,A,6.361714655599999
1657,A,1.3361066651
1658,A,0.7601427439
1659,A,0.3935894115
1660,A,0.9507964533
1661,A,4.2330845077
1662,A,13.6976176094
1663,A,19.3604720843
1664,A,23.4758843484
1665,A,34.077723987199995
1666,A,34.125730510100006
1667,A,33.636531413600004
1668,A,32.0635014487
1669,A,36.7465201319
1670,A,38.007842517
1671,A,37.6956357178
1672,A,38.491454554499995
1673,A,44.2459710387
1674,A,44.573531895500004
1675,A,44.9141788786
1676,A,54.076908062200005
1677,A,49.7715365696
1678,A,51.881841281499995
1679,A,43.356021737700004
1680,A,47.980201565
1681,A,60.5663571989
1682,A,19.5670916426
1683,A,36.2401506369
1684,A,43.7228623675
1685,A,14.3996402325
1686,A,2.993548988
1687,A,1.259645653
1688,A,0.8648606349
1689,A,2.2824564474
1690,A,7.1978850108
1691,A,14.8846909536
1692,A,20.4264375201
1693,A,26.9351327227
1694,A,36.6405226944
1695,A,36.339903425500005
1696,A,36.3925860788
1697,A,42.5808479081
1698,A,52.6828202532
1699,A,39.19207143
1700,A,38.3973232475
1701,A,42.8285819737
1702,A,40.2682639086
1703,A,45.3786435933
1704,A,51.9493193716
1705,A,70.1389762327
1706,A,61.5384131784
1707,A,54.4509786286
1708,A,65.2137207757
1709,A,64.3110244966
1710,A,24.078241626
1711,A,40.9846380775
1712,A,27.411875716999997
1713,A,16.5577146992
1714,A,6.470590699500001
1715,A,7.468499596
1716,A,3.4202605775
1717,A,7.5495435899
1718,A,9.3107617019
1719,A,17.1611869969
1720,A,27.822163966999998
1721,A,38.7739417998
1722,A,42.1702985177
1723,A,43.44087484600001
1724,A,29.5453814427
1725,A,42.0311876288
1726,A,49.8416062771
1727,A,47.128722253
1728,A,39.7536854629
1729,A,56.7632346125
1730,A,45.1358496592
1731,A,48.9374615574
1732,A,62.2499064544
1733,A,64.6050795092
1734,A,75.5144797442
1735,A,70.3583954508
1736,A,29.3740765756
1737,A,22.915631330900002
1738,A,11.4794334003
1739,A,8.7326587367
1740,A,7.5673708405
1741,A,7.7763105712
1742,A,8.2863638896
1743,A,14.4798238152
1744,A,18.470860269
1745,A,24.1077041781
1746,A,35.2059673659
1747,A,38.3281133523
1748,A,35.7327307495
1749,A,42.4619393331
1750,A,47.477948445600006
1751,A,45.6320312434
1752,A,49.579065110600006
1753,A,48.772120035600004
1754,A,54.430616977
1755,A,45.223962418599996
1756,A,47.862067726999996
1757,A,53.9025111226
1758,A,58.432204140299994
1759,A,82.20174108270001
1760,A,36.3014839693
1761,A,27.5671822788
1762,A,14.7454428718
1763,A,8.702859180099999
1764,A,11.4547868012
1765,A,12.342762386199999
1766,A,12.3976600292
1767,A,19.9685927165
1768,A,20.614725754000002
1769,A,17.4752201055
1770,A,22.404335746999998
1771,A,27.3650045063
1772,A,39.0377993255
1773,A,45.638340977
1774,A,33.8858541607
1775,A,36.2346653002
1776,A,45.7193969997
1777,A,74.28703396729999
1778,A,56.9108044843
1779,A,59.425321392
1780,A,67.5402747833
1781,A,64.56915546329999
1782,A,23.6806476484
1783,A,36.254619132399995
1784,A,24.0421129592
1785,A,13.897128746199998
1786,A,12.6112626152
1787,A,18.6859046752
1788,A,14.607877831600002
1789,A,13.2297258799
1790,A,16.3489013539
1791,A,15.2275806721
1792,A,23.1829482191
1793,A,26.2706261796
1794,A,29.8315897527
1795,A,33.8280668988
1796,A,34.9620226819
1797,A,38.506327741999996
1798,A,50.3390217025
1799,A,133.9902030609
1800,A,88.9691731449
1801,A,99.3517881064
1802,A,56.0658079072
1803,A,51.049848361
1804,A,69.722935185
1805,A,18.7072351435
1806,A,30.0043283911
1807,A,35.9808233998
1808,A,18.4168650727
1809,A,15.301384179600001
1810,A,15.9770275229
1811,A,17.0966835493
1812,A,10.8226693023
1813,A,11.5283070454
1814,A,11.174724089200001
1815,A,10.791423996199999
1816,A,15.211263728399999
1817,A,17.8212102846
1818,A,23.198741834899998
1819,A,32.796362284699995
1820,A,42.97967727899999
1821,A,47.2593960705
1822,A,78.0969687851
1823,A,77.8885478661
1824,A,94.36322018879999
1825,A,68.3612099544
1826,A,66.6895765819
1827,A,76.7209587621
1828,A,101.6353264052
1829,A,22.6021441044
1830,A,22.3004240936
1831,A,31.7477241184
1832,A,26.2025248012
1833,A,14.839538591199998
1834,A,14.4189523801
1835,A,15.018279509600001
1836,A,10.4413598609
1837,A,12.6166910854
1838,A,10.154567828200001
1839,A,7.8261768215
1840,A,10.9586625569
1841,A,15.3804763627
1842,A,19.2342197782
1843,A,21.0975350756
1844,A,88.09789256139999
1845,A,70.2065699906
1846,A,81.4006833776
1847,A,90.6192977115
1848,A,106.81238836940001
1849,A,120.7455096357
1850,A,23.8542174193
1851,A,15.6732950027
1852,A,37.1587275965
1853,A,35.438240824
1854,A,14.7553472079
1855,A,14.1537234018
1856,A,10.3730427678
1857,A,10.8214793362
1858,A,10.2723252289
1859,A,8.8201224824
1860,A,6.4476409538
1861,A,10.303395825800001
1862,A,87.3952730795
1863,A,107.2906225354
1864,A,119.4156232125
1865,A,11.225371486199998
1866,A,16.8319549202
1867,A,10.08864512
1868,A,14.190729174100001
1869,A,33.2340708965
1870,A,26.723618860100004
1871,A,11.4763795852
1872,A,7.81547552
1873,A,8.6678831024
1874,A,15.675399004500001
1875,A,23.2333794664
1876,A,23.485995145300002
1877,A,127.2817613666
1878,A,82.8389291727
1879,A,15.7397396266
1880,A,14.790121046800001
1881,A,11.2946757052
1882,A,12.614241374
1883,A,22.8851571384
1884,A,24.281838064000002
1885,A,13.4809411532
1886,A,8.9898582565
1887,A,7.543660517999999
1888,A,10.900485404600001
1889,A,122.20446382680001
1890,A,107.90758883299999
1891,A,97.80219602870001
1892,A,202.8016474325
1893,A,11.954616932999999
1894,A,17.4317348284
1895,A,15.659964473399999
1896,A,13.305147056400001
1897,A,12.956442669000001
1898,A,20.2102895395
1899,A,18.0169772819
1900,A,12.2562086642
1901,A,8.1697564234
1902,A,78.28453197510001
1903,A,111.31267568610001
1904,A,112.82382334020001
1905,E,21.2692289288327
1906,E,37.652527962975
1907,E,43.0282297381188
1908,E,93.94727531258621
1909,E,97.81263277555608
1910,E,40.071790908592796
1911,E,33.1479546989796
1912,E,7.884431773047
1913,E,7.28957343920345
1914,E,5.724567879064031
1915,E,14.1341286409935
1916,E,32.2993076847177
1917,E,66.91138891041079
1918,E,173.64052677063202
1919,E,13.299502919149498
1920,E,7.809748464785581
1921,E,8.98613344149268
1922,E,8.71724427954712
1923,E,16.7208438042661
1924,E,29.367647584672604
1925,E,61.703644002598296
1926,E,64.1118196046702
1927,E,112.39410448817101
1928,E,148.329191408743
1929,E,33.9928246292562
1930,E,8.14058665163772
1931,E,13.870451257560001
1932,E,8.15530729761296
1933,E,9.16731595974385
1934,E,7.76756256991545
1935,E,16.5199844735541
1936,E,26.8135702700526
1937,E,60.9186880512946
1938,E,45.011101497786505
1939,E,60.248726257755095
1940,E,74.8489970254755
1941,E,9.26563836191341
1942,E,47.4752626336477
1943,E,51.3325694937859
1944,E,31.6778028613064
1945,E,24.4328470074901
1946,E,12.692629478366802
1947,E,8.56873283532294
1948,E,8.01441091603981
1949,E,8.30922968364638
1950,E,11.3752077177365
1951,E,35.7562481152254
1952,E,35.8853802473066
1953,E,42.823277690414
1954,E,39.732026066100296
1955,E,54.8445942944372
1956,E,92.0701189036418
1957,E,47.264454475225705
1958,E,56.486925045887006
1959,E,37.0726509144866
1960,E,17.1580835085887
1961,E,11.117763916317001
1962,E,9.80214692702639
1963,E,8.57474088143057
1964,E,14.593371417711401
1965,E,25.161538735603102
1966,E,27.3542458248109
1967,E,29.7339141915199
1968,E,37.5861001401556
1969,E,34.1606311321491
1970,E,40.6179033156763
1971,E,74.5352649101156
1972,E,25.025502704110302
1973,E,34.8309027659232
1974,E,35.565910900942896
1975,E,26.554842199039
1976,E,11.8134718824073
1977,E,6.748460024249799
1978,E,4.81150734289136
1979,E,4.8006246965063
1980,E,7.905900548552929
1981,E,11.958119584895899
1982,E,18.3318881455952
1983,E,28.587330921236
1984,E,32.2644473465595
1985,E,33.8306673051352
1986,E,43.82080522477921
1987,E,101.166529667482
1988,E,28.2435804351538
1989,E,22.9881958164081
1990,E,18.5580180273499
1991,E,11.0328586521377
1992,E,4.70222626457938
1993,E,4.30509812139192
1994,E,5.5452819455533895
1995,E,8.28029690265594
1996,E,10.591895221467801
1997,E,20.288346399769
1998,E,40.3106270368518
1999,E,35.58463315802629
2000,E,35.888930099111
2001,E,41.672783663589
2002,E,91.682471777586
2003,E,42.152599921036796
2004,E,26.0239288743572
2005,E,16.990977151749803
2006,E,7.88733714860972
2007,E,4.0171956671093305
2008,E,3.32986039072985
2009,E,5.38066226725648
2010,E,8.436168449950209
2011,E,9.068103179942868
2012,E,26.544152463778502
2013,E,23.238898100366804
2014,E,36.1616471389567
2015,E,36.2870254134208
2016,E,36.5337815672235
2017,E,37.45235050354621
2018,E,27.342098937994198
2019,E,12.823976616415301
2020,E,6.88217549313991
2021,E,4.2338699747240796
2022,E,3.9679289288543798
2023,E,9.43674425422572
2024,E,7.093197224189611
2025,E,9.9885100218383
2026,E,36.2290744953498
2027,E,37.6631564896485
2028,E,38.6112846278023
2029,E,35.8629046283818
2030,E,52.775648761156305
2031,E,25.463106627508
2032,E,10.6721705965905
2033,E,6.076399969362531
2034,E,3.30437835308466
2035,E,4.811328727699499
2036,E,12.423117470495901
2037,E,7.473090694377889
2038,E,13.671277822350199
2039,E,43.6111708891135
2040,E,53.32913653046761
2041,E,40.1393751920268
2042,E,39.010561775079395
2043,E,50.45764065075729
2044,E,68.633483940161
2045,E,91.6362343048595
2046,E,29.4623498825911
2047,E,28.082163903808
2048,E,14.3026815696504
2049,E,7.39981080481641
2050,E,5.33369965435528
2051,E,3.81770767881401
2052,E,4.51587157145552
2053,E,6.226773222377191
2054,E,31.3721268920255
2055,E,55.8637813863862
2056,E,70.03600104903789
2057,E,45.26403688647739
2058,E,43.5990737524703
2059,E,46.009408473277
2060,E,76.89933410332242
2061,E,103.239353761472
2062,E,79.09081034062541
2063,E,91.6459925363265
2064,E,32.4964498794643
2065,E,28.762287024483104
2066,E,19.403959029253198
2067,E,15.5432471229915
2068,E,4.9762474232719205
2069,E,2.33977158853976
2070,E,2.7627915503646805
2071,E,3.2846063538913195
2072,E,9.168932156211259
2073,E,82.5310877362853
2074,E,65.5195008801433
2075,E,84.0262144425581
2076,E,40.0301967091597
2077,E,43.1796398246004
2078,E,53.7558419212465
2079,E,47.1273694185637
2080,E,70.2486675801624
2081,E,65.7443444862637
2082,E,48.4174249848742
2083,E,13.1707239668679
2084,E,7.97358168756608
2085,E,8.65978594790717
2086,E,31.5501123716565
2087,E,31.8090517842518
2088,E,26.1561664067382
2089,E,12.8246784511273
2090,E,4.88061926246187
2091,E,2.05062880885531
2092,E,1.9800074452919798
2093,E,1.79296176284908
2094,E,3.09344084802699
2095,E,50.1913074688809
2096,E,17.630440969623198
2097,E,95.892239952946
2098,E,50.6884970361112
2099,E,36.253892575186
2100,E,40.6047721107595
2101,E,45.4235941597
2102,E,48.7070312202423
2103,E,42.750692900813796
2104,E,37.135029419656
2105,E,39.9107369972982
2106,E,34.2916797714901
2107,E,33.9922560944001
2108,E,29.0742254965243
2109,E,20.567445334396698
2110,E,15.623651400824599
2111,E,4.5216420309773495
2112,E,6.75606963218479
2113,E,37.1148595218429
2114,E,40.416209883571796
2115,E,17.1059534937789
2116,E,6.07838992788796
2117,E,2.37778697485463
2118,E,1.39483185771501
2119,E,0.7628038074055951
2120,E,1.5261141349036598
2121,E,12.7914012309692
2122,E,37.9345759908959
2123,E,36.1769211141135
2124,E,44.33312598443499
2125,E,37.2567904472225
2126,E,38.6801517069938
2127,E,41.5940777372492
2128,E,41.1537287668125
2129,E,42.4616501342255
2130,E,38.1473585939342
2131,E,40.180646392746
2132,E,38.1110234350898
2133,E,47.4137760960731
2134,E,33.9906125416845
2135,E,31.572607876128803
2136,E,27.9080973786178
2137,E,19.9399800599545
2138,E,11.6048964809562
2139,E,6.31158455292733
2140,E,13.096401823208401
2141,E,44.2383163165485
2142,E,16.2451064719772
2143,E,7.0604144787772904
2144,E,1.33244970623157
2145,E,0.9525345559724822
2146,E,0.582492628886591
2147,E,2.8111809743080003
2148,E,15.8436982731317
2149,E,45.593412471348294
2150,E,43.2778598584481
2151,E,43.7714743692541
2152,E,38.461443983413
2153,E,36.305950430265206
2154,E,39.5264703384882
2155,E,32.3182938458499
2156,E,31.400958838774
2157,E,31.1851576529237
2158,E,31.833504180823997
2159,E,35.049320532927
2160,E,39.4069679585485
2161,E,39.5179144189559
2162,E,37.6928016414856
2163,E,31.879960688839898
2164,E,25.9255168911417
2165,E,19.540290046354603
2166,E,11.3712788342673
2167,E,16.3372898296268
2168,E,26.331128516430397
2169,E,35.6506096605931
2170,E,40.772174474387
2171,E,33.855849325121305
2172,E,18.6942091512051
2173,E,3.26453335861262
2174,E,1.12822376208555
2175,E,0.824850656888103
2176,E,1.08733362977475
2177,E,26.560655344124697
2178,E,17.5760404163218
2179,E,30.0870464178616
2180,E,32.9997901837638
2181,E,42.0402004681943
2182,E,35.293210511956
2183,E,33.826385525014
2184,E,27.952640353997197
2185,E,28.5001243376887
2186,E,29.9121346815498
2187,E,32.684747643552
2188,E,34.892491420718
2189,E,37.433888413006
2190,E,41.8967891517945
2191,E,41.1913877669513
2192,E,37.48403748430071
2193,E,35.622368607532394
2194,E,28.4041960308359
2195,E,21.8878629110535
2196,E,18.114037511799896
2197,E,17.3763668639567
2198,E,20.6986563421071
2199,E,26.970803705511397
2200,E,33.9876978812774
2201,E,25.168353686139604
2202,E,10.7286064262626
2203,E,2.40024595203758
2204,E,0.769814238333202
2205,E,0.8214606808644491
2206,E,1.4284152539555701
2207,E,30.0892193191756
2208,E,40.870987724466296
2209,E,55.0824095683671
2210,E,34.1746589863241
2211,E,31.7256834882465
2212,E,33.6493951981005
2213,E,29.2954623065612
2214,E,26.036975802196103
2215,E,31.4471325276345
2216,E,24.464158727112004
2217,E,27.948246792614697
2218,E,34.853998623757704
2219,E,45.184778311316
2220,E,46.2082553103319
2221,E,43.77153574920939
2222,E,36.1972996725169
2223,E,33.8682974445895
2224,E,31.0139125892579
2225,E,31.342141267429103
2226,E,26.9800078994349
2227,E,22.701402654781297
2228,E,24.8206591053761
2229,E,38.585838923948394
2230,E,32.399602915059496
2231,E,35.9560055526675
2232,E,10.425376185281301
2233,E,1.87011288153989
2234,E,0.7937366621255959
2235,E,0.369733441327627
2236,E,0.330955758831515
2237,E,11.091035820439801
2238,E,40.5739636448572
2239,E,33.5169811044794
2240,E,28.1229586575183
2241,E,37.76845062833289
2242,E,30.004353910141603
2243,E,28.0208930116379
2244,E,30.5352237622924
2245,E,28.142400568927304
2246,E,24.5560739466936
2247,E,26.495116613527003
2248,E,30.024407534802698
2249,E,44.887403771321004
2250,E,52.0688904802553
2251,E,47.982807477723206
2252,E,40.4696620843167
2253,E,35.2368976116641
2254,E,33.1878936588188
2255,E,30.809595306826896
2256,E,32.8228329160423
2257,E,30.961849375099
2258,E,35.0400806078223
2259,E,31.534745562512196
2260,E,46.719326749892204
2261,E,13.107082255976401
2262,E,2.15732311921177
2263,E,0.54231412152171
2264,E,0.168725659241557
2265,E,0.9105357231257429
2266,E,3.54449858116164
2267,E,86.6184013893593
2268,E,36.0278654297478
2269,E,32.8516382346413
2270,E,34.0512704320713
2271,E,24.8139784818613
2272,E,26.3472459369103
2273,E,24.4020444552833
2274,E,27.969925585265603
2275,E,30.2621715712489
2276,E,34.3856334321024
2277,E,36.5569334912849
2278,E,46.7165831926188
2279,E,48.94631207652021
2280,E,49.566300480885
2281,E,46.312777612980604
2282,E,35.4546234538917
2283,E,30.888488190883397
2284,E,32.186458657182605
2285,E,32.9111166008108
2286,E,37.3902840990349
2287,E,56.6586755009363
2288,E,21.4192774358622
2289,E,49.5110531968635
2290,E,34.892439533979804
2291,E,5.44456439506588
2292,E,1.4050361048784799
2293,E,0.7709408260977991
2294,E,0.47262048669178397
2295,E,1.01551116362097
2296,E,4.10650701061266
2297,E,133.879610901638
2298,E,30.385062776640602
2299,E,26.067083792238197
2300,E,32.644215342950204
2301,E,36.845821161926395
2302,E,28.863031336318397
2303,E,28.5225611440249
2304,E,32.697726088365
2305,E,36.5362664032074
2306,E,41.429785682592104
2307,E,44.8698073638828
2308,E,49.610378286474294
2309,E,44.389925580687596
2310,E,44.8795596969732
2311,E,50.003168363597496
2312,E,44.3422508945465
2313,E,44.861911074818
2314,E,39.345706901087105
2315,E,42.1652294017059
2316,E,55.5660879555305
2317,E,17.407548720578
2318,E,30.8914393736942
2319,E,37.5211142052964
2320,E,12.0443919427225
2321,E,2.8603750470026
2322,E,1.3035784194953899
2323,E,1.0057484661929998
2324,E,2.25622500609658
2325,E,6.8708960208328795
2326,E,44.973454846017
2327,E,31.638596280233003
2328,E,33.7765421051476
2329,E,32.619226080239
2330,E,33.6062974117533
2331,E,30.9987211184587
2332,E,36.308937428869704
2333,E,42.9328104716757
2334,E,36.230884290834396
2335,E,39.972540357290505
2336,E,43.3464654723017
2337,E,41.6933683943129
2338,E,44.6459322778553
2339,E,45.41063702124121
2340,E,63.3657164217216
2341,E,55.689851523201504
2342,E,47.9636419518811
2343,E,58.463000078713996
2344,E,59.12815552705499
2345,E,21.3633928945892
2346,E,34.9717151546007
2347,E,25.1781646428889
2348,E,14.7454337821509
2349,E,6.38834201106171
2350,E,7.10809924116521
2351,E,3.67351428489873
2352,E,9.34153153589599
2353,E,8.99749689443472
2354,E,17.5839123490241
2355,E,28.8926523771193
2356,E,40.113785728161204
2357,E,36.3722696618631
2358,E,35.8992195939651
2359,E,27.193061665113103
2360,E,37.2679557782365
2361,E,42.938381399935295
2362,E,43.6331775322493
2363,E,36.2493702129062
2364,E,56.123384597774
2365,E,47.5495318314551
2366,E,50.6959161340076
2367,E,55.28459005971521
2368,E,60.99474932272221
2369,E,67.10104708013989
2370,E,61.6486126609423
2371,E,25.0537595453418
2372,E,19.928944088798698
2373,E,9.905559489795019
2374,E,8.12417690083961
2375,E,7.39533300530859
2376,E,7.303922643263769
2377,E,8.250832141563409
2378,E,14.8666454593142
2379,E,18.0025406292348
2380,E,23.286623964386898
2381,E,32.2018693196606
2382,E,35.7336565276848
2383,E,30.9011491366511
2384,E,34.5967132937394
2385,E,50.7637039729093
2386,E,46.05522834581839
2387,E,44.2975425423065
2388,E,46.8500674287908
2389,E,49.406469656538896
2390,E,44.183559133481204
2391,E,48.838326865521296
2392,E,53.5739679883423
2393,E,53.24241534003549
2394,E,76.88960149577841
2395,E,30.3680798603485
2396,E,25.110641520792104
2397,E,14.671248388545699
2398,E,8.11719076125023
2399,E,10.1774888742139
2400,E,11.3375569439748
2401,E,12.2283384317853
2402,E,20.009621891008102
2403,E,26.1600167659123
2404,E,17.258761039096
2405,E,20.4171242635157
2406,E,25.581801508408198
2407,E,34.9536055938293
2408,E,45.630417995088905
2409,E,41.5144014978322
2410,E,34.7388366675263
2411,E,39.9639932946698
2412,E,70.70386615703259
2413,E,54.6466503296175
2414,E,55.017994156669594
2415,E,63.72095374225061
2416,E,58.6550043513204
2417,E,20.591960439263698
2418,E,32.5462817870164
2419,E,22.5036709140107
2420,E,13.384218365543301
2421,E,12.090727937983198
2422,E,17.7190172500848
2423,E,14.009439938738
2424,E,14.2383290048459
2425,E,19.4527685457355
2426,E,14.96234003404
2427,E,21.613252817124
2428,E,24.9063786518894
2429,E,27.228615819690102
2430,E,28.525844153387798
2431,E,33.8698053764718
2432,E,33.079406943484
2433,E,45.7380884244072
2434,E,115.039470705433
2435,E,85.46191642177659
2436,E,92.4939876397838
2437,E,55.5973553713574
2438,E,45.791557304563796
2439,E,64.48174597266
2440,E,15.8700589336375
2441,E,26.749245393769197
2442,E,33.4006360545655
2443,E,16.7647762682776
2444,E,14.292849271026402
2445,E,14.565238633462801
2446,E,16.4566359749705
2447,E,12.3482961343628
2448,E,14.9413518133059
2449,E,10.9668785865325
2450,E,11.5233495847085
2451,E,13.764092232335999
2452,E,14.988690470066599
2453,E,21.4799138033468
2454,E,28.7180420730826
2455,E,36.1702673799681
2456,E,41.9580929007643
2457,E,67.224353285436
2458,E,68.2833774153895
2459,E,92.4177322617321
2460,E,71.22103383005671
2461,E,64.0950098782418
2462,E,67.11277999835029
2463,E,100.718462908648
2464,E,20.374494234310397
2465,E,19.219687417351302
2466,E,28.5079358135158
2467,E,25.5323892879666
2468,E,15.8062095553515
2469,E,13.860525712223598
2470,E,17.490587794215
2471,E,9.87913641645909
2472,E,12.616026326048699
2473,E,10.8548823528107
2474,E,7.857099262813031
2475,E,9.13473807567766
2476,E,13.3504256259629
2477,E,16.4813065467677
2478,E,18.851181841631302
2479,E,79.57278294363459
2480,E,62.079519200173394
2481,E,75.17023817991779
2482,E,82.9678295045956
2483,E,91.2423813024539
2484,E,108.48215290945299
2485,E,20.7819495135683
2486,E,13.5066235529209
2487,E,34.9647835935228
2488,E,33.065567122396196
2489,E,14.3386158777235
2490,E,16.5667934910992
2491,E,10.4870764001118
2492,E,10.6481733467801
2493,E,10.4471733485843
2494,E,8.99021352371868
2495,E,5.898596559054541
2496,E,9.41864899023676
2497,E,80.62356242350108
2498,E,99.7353488790945
2499,E,112.168749916222
2500,E,10.4235658664564
2501,E,15.502686809166802
2502,E,8.9393668799674
2503,E,12.9956730090924
2504,E,29.1437934037822
2505,E,23.3811059668264
2506,E,13.3842539301525
2507,E,7.74869238246174
2508,E,11.4646788631806
2509,E,21.9213716776219
2510,E,18.7438546830526
2511,E,20.185052776169396
2512,E,115.872705305065
2513,E,73.13593943281641
2514,E,13.8825990058092
2515,E,13.2991068501772
2516,E,10.2686588528046
2517,E,10.754294024894302
2518,E,19.9703140470913
2519,E,22.8391699252776
2520,E,13.1122152682762
2521,E,9.677519208833301
2522,E,8.16089039317553
2523,E,15.1854212287404
2524,E,111.816132330445
2525,E,97.8498881000558
2526,E,88.0441830974349
2527,E,176.80002809903
2528,E,10.612581188761
2529,E,15.1096876919225
2530,E,14.1327176135701
2531,E,11.4715628734077
2532,E,11.0958665644964
2533,E,18.7005023738047
2534,E,18.273668551340197
2535,E,13.6107749965039
2536,E,8.809561879960821
2537,E,67.2790179072246
2538,E,103.41658563837
2539,E,104.07499449402
2540,PROAPA,18.333894826614802
2541,PROAPA,29.9008122244582
2542,PROAPA,44.5107361285962
2543,PROAPA,33.3202309293207
2544,PROAPA,88.54617758003799
2545,PROAPA,38.0558902471545
2546,PROAPA,31.4656528980023
2547,PROAPA,8.03659010013474
2548,PROAPA,7.526496859585331
2549,PROAPA,5.914277590488321
2550,PROAPA,11.214121487802801
2551,PROAPA,19.2774967543053
2552,PROAPA,29.6610571828754
2553,PROAPA,46.1131234314886
2554,PROAPA,12.6223593696402
2555,PROAPA,7.85834139450629
2556,PROAPA,9.16405037482369
2557,PROAPA,8.53792987280547
2558,PROAPA,11.1609602670837
2559,PROAPA,17.3176442713363
2560,PROAPA,28.132682042602
2561,PROAPA,41.8727755734546
2562,PROAPA,100.483734114311
2563,PROAPA,153.060345139639
2564,PROAPA,34.6670327593465
2565,PROAPA,6.020265426723079
2566,PROAPA,13.873671353668001
2567,PROAPA,8.129113781408469
2568,PROAPA,9.2045616857075
2569,PROAPA,8.018326662497559
2570,PROAPA,11.5068716918606
2571,PROAPA,17.9798559763042
2572,PROAPA,26.733068219243002
2573,PROAPA,33.4035039323338
2574,PROAPA,65.0261967872149
2575,PROAPA,75.98788608207359
2576,PROAPA,6.594790324785239
2577,PROAPA,46.9813448807018
2578,PROAPA,50.514635364789804
2579,PROAPA,31.2809067105368
2580,PROAPA,24.0148824320195
2581,PROAPA,13.1023052590409
2582,PROAPA,8.856471540267151
2583,PROAPA,7.960483596773041
2584,PROAPA,7.659462465817571
2585,PROAPA,9.55301763827323
2586,PROAPA,16.7246827803623
2587,PROAPA,24.3468883511775
2588,PROAPA,31.6745424052201
2589,PROAPA,38.3555809642777
2590,PROAPA,55.3017118746996
2591,PROAPA,92.26759832657429
2592,PROAPA,47.1248308556382
2593,PROAPA,56.1890834932141
2594,PROAPA,35.9706593190589
2595,PROAPA,16.223781015814303
2596,PROAPA,10.7662423106054
2597,PROAPA,9.988529715633689
2598,PROAPA,8.31061888794455
2599,PROAPA,9.395781532275551
2600,PROAPA,14.6913644435821
2601,PROAPA,16.4535681697426
2602,PROAPA,23.6345850472959
2603,PROAPA,28.7294483146987
2604,PROAPA,32.9977055353392
2605,PROAPA,40.6728932296035
2606,PROAPA,73.7916868725392
2607,PROAPA,24.0094352485962
2608,PROAPA,34.814976787269
2609,PROAPA,34.657393471050604
2610,PROAPA,25.5794805348179
2611,PROAPA,12.1940532827024
2612,PROAPA,7.19994307570639
2613,PROAPA,5.13065753094022
2614,PROAPA,4.70124481188182
2615,PROAPA,6.88034209287722
2616,PROAPA,12.2039168021549
2617,PROAPA,14.271202236354101
2618,PROAPA,23.824943867979
2619,PROAPA,26.0419253006291
2620,PROAPA,31.973299340974396
2621,PROAPA,40.7043911982353
2622,PROAPA,87.4785011990899
2623,PROAPA,27.876669147692102
2624,PROAPA,20.3036543398128
2625,PROAPA,17.265291874021003
2626,PROAPA,11.738926690901401
2627,PROAPA,5.13337450233445
2628,PROAPA,4.55166446097184
2629,PROAPA,5.424478169260429
2630,PROAPA,7.10833101100523
2631,PROAPA,9.114637334143302
2632,PROAPA,14.124481263227999
2633,PROAPA,20.3512500939494
2634,PROAPA,25.6110310861012
2635,PROAPA,34.6266627250417
2636,PROAPA,39.4411775467016
2637,PROAPA,76.6011842661799
2638,PROAPA,42.5022148629119
2639,PROAPA,24.671811925111697
2640,PROAPA,16.789577479342597
2641,PROAPA,8.41850455058356
2642,PROAPA,4.25582929414312
2643,PROAPA,3.45235888452936
2644,PROAPA,5.4819594306009005
2645,PROAPA,7.4745317242562805
2646,PROAPA,7.82004511611112
2647,PROAPA,11.330437750893301
2648,PROAPA,19.0000666330135
2649,PROAPA,27.4521946047662
2650,PROAPA,32.4057649377599
2651,PROAPA,35.1982724820021
2652,PROAPA,36.7342174387028
2653,PROAPA,24.9411829090614
2654,PROAPA,12.4327078522929
2655,PROAPA,7.3202466933243
2656,PROAPA,4.36505474608812
2657,PROAPA,3.8309831232185094
2658,PROAPA,9.94724554005952
2659,PROAPA,6.71099044981428
2660,PROAPA,6.987456019934959
2661,PROAPA,14.879502277292499
2662,PROAPA,19.741225688789502
2663,PROAPA,26.3856334114804
2664,PROAPA,32.454989154546105
2665,PROAPA,48.4999603522368
2666,PROAPA,24.5119973244851
2667,PROAPA,9.74898638394066
2668,PROAPA,6.019652073414989
2669,PROAPA,3.3126971853418703
2670,PROAPA,4.9842721675976
2671,PROAPA,12.4498205852267
2672,PROAPA,7.3999322472633695
2673,PROAPA,8.32189910383378
2674,PROAPA,13.3069216841088
2675,PROAPA,19.6108515498099
2676,PROAPA,28.8239335022933
2677,PROAPA,33.404366784465395
2678,PROAPA,50.224604580413896
2679,PROAPA,67.7519985142708
2680,PROAPA,72.4563891849531
2681,PROAPA,27.3524432912373
2682,PROAPA,26.181028757614
2683,PROAPA,13.124891259909301
2684,PROAPA,6.84650748930094
2685,PROAPA,4.54484643722542
2686,PROAPA,3.45237027474527
2687,PROAPA,4.14190092297397
2688,PROAPA,5.94401884138408
2689,PROAPA,10.5213877721767
2690,PROAPA,12.198178067613302
2691,PROAPA,18.8525669766166
2692,PROAPA,31.706893744362397
2693,PROAPA,32.8222987383649
2694,PROAPA,47.8501089959211
2695,PROAPA,77.2503071452756
2696,PROAPA,101.81518034525801
2697,PROAPA,66.4528859949376
2698,PROAPA,71.994706074481
2699,PROAPA,31.6361890182998
2700,PROAPA,25.325064035245198
2701,PROAPA,17.849524881251398
2702,PROAPA,14.4155271971592
2703,PROAPA,4.31319721488781
2704,PROAPA,2.02811917831056
2705,PROAPA,2.55231666675621
2706,PROAPA,3.2660193744819397
2707,PROAPA,4.70639811708795
2708,PROAPA,10.42447095872
2709,PROAPA,17.654441839054503
2710,PROAPA,27.193471322301
2711,PROAPA,28.806907876940198
2712,PROAPA,45.322896678541206
2713,PROAPA,57.136050290181
2714,PROAPA,50.180468706258004
2715,PROAPA,62.3536125435225
2716,PROAPA,51.0193611787949
2717,PROAPA,46.8111787672701
2718,PROAPA,12.4521741422426
2719,PROAPA,8.57215538380845
2720,PROAPA,9.02781031400561
2721,PROAPA,31.7941646244955
2722,PROAPA,31.5458445592202
2723,PROAPA,25.003588785029503
2724,PROAPA,11.9815152407535
2725,PROAPA,4.54168416414611
2726,PROAPA,1.80439160136767
2727,PROAPA,1.6994831351244801
2728,PROAPA,1.6022022985670599
2729,PROAPA,2.9748562189756202
2730,PROAPA,9.54167303606342
2731,PROAPA,15.6739803156631
2732,PROAPA,25.906072419339104
2733,PROAPA,30.010250620429698
2734,PROAPA,36.5279865730004
2735,PROAPA,41.1957615861556
2736,PROAPA,48.8809952386215
2737,PROAPA,48.6337829484297
2738,PROAPA,39.294561169507205
2739,PROAPA,34.9828077875423
2740,PROAPA,33.9280470263755
2741,PROAPA,31.889596607234804
2742,PROAPA,25.8213637070973
2743,PROAPA,24.0509163234526
2744,PROAPA,17.468882984042303
2745,PROAPA,15.0192590473366
2746,PROAPA,3.9270760125723303
2747,PROAPA,5.12827136885796
2748,PROAPA,35.8938739201098
2749,PROAPA,40.4636944427384
2750,PROAPA,16.4175671765506
2751,PROAPA,6.01065284218151
2752,PROAPA,2.2419102138017903
2753,PROAPA,1.05527070246603
2754,PROAPA,0.368446305839521
2755,PROAPA,1.19141454600803
2756,PROAPA,10.531166107274801
2757,PROAPA,20.503165659076103
2758,PROAPA,25.4859555848351
2759,PROAPA,31.538774961329604
2760,PROAPA,35.2665035995241
2761,PROAPA,38.8672261089214
2762,PROAPA,43.09994788595571
2763,PROAPA,42.099659711964705
2764,PROAPA,43.5594278491799
2765,PROAPA,36.361998300528896
2766,PROAPA,40.2127271185139
2767,PROAPA,33.9726220136907
2768,PROAPA,41.1657038087816
2769,PROAPA,24.7848929696992
2770,PROAPA,28.589408117959298
2771,PROAPA,25.6534324307092
2772,PROAPA,17.459923944550802
2773,PROAPA,10.145362535915401
2774,PROAPA,6.070552271544679
2775,PROAPA,12.928562741934199
2776,PROAPA,43.560861934262896
2777,PROAPA,15.8104588749177
2778,PROAPA,7.06499277810794
2779,PROAPA,1.25349050661441
2780,PROAPA,0.446278528150021
2781,PROAPA,0.37762201191915507
2782,PROAPA,2.78138533286887
2783,PROAPA,5.9948711193652
2784,PROAPA,23.8418658446
2785,PROAPA,29.3274889985134
2786,PROAPA,40.6837919895336
2787,PROAPA,34.255010383256696
2788,PROAPA,36.5549448475141
2789,PROAPA,40.322721130541204
2790,PROAPA,31.621932357278105
2791,PROAPA,29.5903617813027
2792,PROAPA,29.6862872927757
2793,PROAPA,26.704417600339397
2794,PROAPA,31.4161596542632
2795,PROAPA,30.6855044368001
2796,PROAPA,32.5357583367713
2797,PROAPA,32.6753629420849
2798,PROAPA,29.9247766200918
2799,PROAPA,22.9846079984867
2800,PROAPA,15.1157799683975
2801,PROAPA,10.1579852030323
2802,PROAPA,16.112923261812
2803,PROAPA,26.324364763924102
2804,PROAPA,34.4791332557978
2805,PROAPA,40.3921540516768
2806,PROAPA,31.655227798518702
2807,PROAPA,17.508537956688098
2808,PROAPA,3.1514691669162596
2809,PROAPA,0.8628007874802
2810,PROAPA,0.5516510031716321
2811,PROAPA,0.7234444321126351
2812,PROAPA,3.83515628417368
2813,PROAPA,10.484361807588199
2814,PROAPA,24.408633945005302
2815,PROAPA,27.9741229980227
2816,PROAPA,32.6441103356523
2817,PROAPA,34.979954991314
2818,PROAPA,33.241840845626996
2819,PROAPA,25.4468953348425
2820,PROAPA,22.5007951969945
2821,PROAPA,23.916741131198698
2822,PROAPA,30.7561919257114
2823,PROAPA,32.505219403983695
2824,PROAPA,31.1266763458884
2825,PROAPA,34.7103517351166
2826,PROAPA,36.9804134905916
2827,PROAPA,33.9099594077085
2828,PROAPA,31.961744077353398
2829,PROAPA,25.7374910638742
2830,PROAPA,20.0459544915043
2831,PROAPA,16.4424885061967
2832,PROAPA,15.8769714957176
2833,PROAPA,20.7535719218111
2834,PROAPA,26.582093550907196
2835,PROAPA,33.3631534912576
2836,PROAPA,24.1779432930775
2837,PROAPA,10.9495253699578
2838,PROAPA,2.33801372292808
2839,PROAPA,0.654616068028853
2840,PROAPA,0.584226457083715
2841,PROAPA,1.06241099939813
2842,PROAPA,7.18337261870618
2843,PROAPA,15.1916455669918
2844,PROAPA,21.4465026560683
2845,PROAPA,21.888121752820396
2846,PROAPA,26.6148445007683
2847,PROAPA,31.423732376553698
2848,PROAPA,27.6940032810564
2849,PROAPA,23.6259701265085
2850,PROAPA,22.5844580445159
2851,PROAPA,19.573041046794
2852,PROAPA,25.2125084914539
2853,PROAPA,24.6969078311129
2854,PROAPA,36.013949554958
2855,PROAPA,35.421771180442704
2856,PROAPA,36.466250288687604
2857,PROAPA,31.849875569088503
2858,PROAPA,30.775705547744398
2859,PROAPA,28.788462353614502
2860,PROAPA,28.1588554710721
2861,PROAPA,25.3677723028907
2862,PROAPA,21.7931776207859
2863,PROAPA,23.368455412944
2864,PROAPA,38.7741258925977
2865,PROAPA,30.6004254218519
2866,PROAPA,33.8962017735507
2867,PROAPA,9.324086959599661
2868,PROAPA,1.62633532802113
2869,PROAPA,0.63646295366073
2870,PROAPA,0.24810434908762302
2871,PROAPA,0.2239688459096
2872,PROAPA,4.637029685089231
2873,PROAPA,18.977471702074002
2874,PROAPA,17.2344348087957
2875,PROAPA,23.1468401827097
2876,PROAPA,30.736250985016
2877,PROAPA,28.121354430348102
2878,PROAPA,26.5394229519386
2879,PROAPA,27.081341922648896
2880,PROAPA,21.704293032958603
2881,PROAPA,18.8874594548484
2882,PROAPA,20.9500528998665
2883,PROAPA,23.31099423731
2884,PROAPA,34.9495801758473
2885,PROAPA,37.1468216111769
2886,PROAPA,36.9809926653576
2887,PROAPA,36.11827520759061
2888,PROAPA,30.8138006201823
2889,PROAPA,31.693354271645997
2890,PROAPA,29.068050064974198
2891,PROAPA,31.613489346338802
2892,PROAPA,29.4173465129303
2893,PROAPA,33.1473492320726
2894,PROAPA,31.5267978953962
2895,PROAPA,45.5683315515014
2896,PROAPA,12.083296650703002
2897,PROAPA,2.1059989435641397
2898,PROAPA,0.432318091022179
2899,PROAPA,0.0824087448101771
2900,PROAPA,0.8884330532838299
2901,PROAPA,3.73495785326188
2902,PROAPA,11.699986362939901
2903,PROAPA,20.7167934688816
2904,PROAPA,22.3068242528019
2905,PROAPA,29.1581001593009
2906,PROAPA,22.819563214739198
2907,PROAPA,23.6120606115269
2908,PROAPA,22.2946295582619
2909,PROAPA,27.693163680251605
2910,PROAPA,30.498921511145802
2911,PROAPA,26.876361288886798
2912,PROAPA,30.229002798096598
2913,PROAPA,34.8224961340147
2914,PROAPA,39.9316649416036
2915,PROAPA,39.6872885709582
2916,PROAPA,40.167777444226
2917,PROAPA,33.98378798467
2918,PROAPA,28.0489351802139
2919,PROAPA,29.8278991178972
2920,PROAPA,30.8805427205206
2921,PROAPA,35.70474057019911
2922,PROAPA,51.247367133328
2923,PROAPA,21.8950914573603
2924,PROAPA,48.83822476335521
2925,PROAPA,31.763090813041
2926,PROAPA,5.04669921906178
2927,PROAPA,1.1489316321646001
2928,PROAPA,0.764191016648896
2929,PROAPA,0.394244839236723
2930,PROAPA,0.9304034389786979
2931,PROAPA,3.60203646504988
2932,PROAPA,11.3908089208518
2933,PROAPA,18.2828786088651
2934,PROAPA,21.7902322451577
2935,PROAPA,30.113440552305196
2936,PROAPA,31.991561545413198
2937,PROAPA,29.1361819766557
2938,PROAPA,28.088799520329598
2939,PROAPA,33.8055075643829
2940,PROAPA,33.1146132235891
2941,PROAPA,35.856199475539796
2942,PROAPA,36.361102905339706
2943,PROAPA,38.270410339236605
2944,PROAPA,40.3109376593914
2945,PROAPA,37.403329451752704
2946,PROAPA,45.6628565880143
2947,PROAPA,43.7626764855828
2948,PROAPA,43.547621081501205
2949,PROAPA,36.1702351409809
2950,PROAPA,40.1675534385665
2951,PROAPA,54.5577750613233
2952,PROAPA,17.9357365787312
2953,PROAPA,30.083953757442004
2954,PROAPA,35.8982035145466
2955,PROAPA,10.479565521736
2956,PROAPA,2.5074594267475496
2957,PROAPA,1.3911599405266202
2958,PROAPA,0.82536844302322
2959,PROAPA,2.3424006390806
2960,PROAPA,6.5375904072271105
2961,PROAPA,12.249953519913399
2962,PROAPA,18.999295659161
2963,PROAPA,25.8607769962072
2964,PROAPA,31.411874800739003
2965,PROAPA,32.1274750242059
2966,PROAPA,31.2536260932976
2967,PROAPA,36.5156311052405
2968,PROAPA,42.6819266220988
2969,PROAPA,34.868901042428796
2970,PROAPA,35.1611485444119
2971,PROAPA,40.3232610240551
2972,PROAPA,35.934109721941496
2973,PROAPA,40.4753305649638
2974,PROAPA,44.016474331169604
2975,PROAPA,61.569826665438
2976,PROAPA,55.2430338052452
2977,PROAPA,47.8250333604853
2978,PROAPA,55.7609209796048
2979,PROAPA,56.342686629553604
2980,PROAPA,21.3583495564161
2981,PROAPA,33.8375904081316
2982,PROAPA,21.898524622339696
2983,PROAPA,12.0761807859223
2984,PROAPA,5.19430105448505
2985,PROAPA,6.76684916348474
2986,PROAPA,3.14998088684806
2987,PROAPA,7.5436471245686105
2988,PROAPA,8.31281595730167
2989,PROAPA,16.9938559113031
2990,PROAPA,22.7037179980686
2991,PROAPA,33.3665084022071
2992,PROAPA,35.97021453866579
2993,PROAPA,36.854069539144795
2994,PROAPA,26.0745756892921
2995,PROAPA,35.789779192518395
2996,PROAPA,40.5305033057521
2997,PROAPA,38.9866201461435
2998,PROAPA,34.7499513799489
2999,PROAPA,50.2010251723569
3000,PROAPA,41.9955710286762
3001,PROAPA,44.048149218885605
3002,PROAPA,52.978252523407605
3003,PROAPA,61.842747344925606
3004,PROAPA,66.9842748375945
3005,PROAPA,59.6407182377856
3006,PROAPA,24.4348448927898
3007,PROAPA,17.7157295135649
3008,PROAPA,9.07895082020719
3009,PROAPA,7.68337562577994
3010,PROAPA,5.92651849764249
3011,PROAPA,7.27280999542525
3012,PROAPA,7.68445775996896
3013,PROAPA,14.4061283772389
3014,PROAPA,18.2003082742584
3015,PROAPA,24.005936339173196
3016,PROAPA,28.339230472045802
3017,PROAPA,34.8124833603321
3018,PROAPA,30.203697373028003
3019,PROAPA,34.411143557414306
3020,PROAPA,40.6807298877284
3021,PROAPA,39.7505302682716
3022,PROAPA,40.2174602402285
3023,PROAPA,41.9246118117952
3024,PROAPA,48.481849954268796
3025,PROAPA,41.9169744322835
3026,PROAPA,44.61814233372021
3027,PROAPA,46.706009729221705
3028,PROAPA,52.911061573016205
3029,PROAPA,75.2061290499523
3030,PROAPA,29.640121910195102
3031,PROAPA,22.519323699442502
3032,PROAPA,12.9295565178811
3033,PROAPA,7.1779926940072505
3034,PROAPA,9.27592058854391
3035,PROAPA,11.4361491542682
3036,PROAPA,12.3715291714117
3037,PROAPA,19.3852890507681
3038,PROAPA,18.007070840675198
3039,PROAPA,16.8904848723616
3040,PROAPA,19.8989793013147
3041,PROAPA,24.9439647388443
3042,PROAPA,34.7312338570851
3043,PROAPA,42.1716138882883
3044,PROAPA,29.992675913638898
3045,PROAPA,31.266086500746002
3046,PROAPA,39.707920281049795
3047,PROAPA,63.447514976373995
3048,PROAPA,54.1300154260124
3049,PROAPA,52.544403915505804
3050,PROAPA,63.949302338205904
3051,PROAPA,52.510417101834705
3052,PROAPA,20.042687395635397
3053,PROAPA,32.232583712757396
3054,PROAPA,21.751040734432802
3055,PROAPA,11.9665046493133
3056,PROAPA,11.133152060689099
3057,PROAPA,18.099682891653398
3058,PROAPA,13.689793640684499
3059,PROAPA,11.155840836712999
3060,PROAPA,13.3947449629667
3061,PROAPA,13.8568784907215
3062,PROAPA,19.4088950083792
3063,PROAPA,25.044675218835
3064,PROAPA,23.919181920872898
3065,PROAPA,25.202476176054898
3066,PROAPA,29.465307573664603
3067,PROAPA,31.100087466009196
3068,PROAPA,44.2188698936191
3069,PROAPA,120.21944758317801
3070,PROAPA,79.1733399578995
3071,PROAPA,85.9440660856058
3072,PROAPA,52.3937277811899
3073,PROAPA,44.7437375058985
3074,PROAPA,62.811011066961605
3075,PROAPA,14.6669341106315
3076,PROAPA,26.1078841348323
3077,PROAPA,31.1938739910222
3078,PROAPA,16.4434892045137
3079,PROAPA,13.311995330397698
3080,PROAPA,13.8823242152849
3081,PROAPA,14.8894543612834
3082,PROAPA,8.393534819946069
3083,PROAPA,9.944040673333369
3084,PROAPA,10.5253387446586
3085,PROAPA,8.91324550479757
3086,PROAPA,11.788397703701301
3087,PROAPA,11.6929117948386
3088,PROAPA,17.7705072931676
3089,PROAPA,26.7304648307404
3090,PROAPA,33.4398017723568
3091,PROAPA,36.2865041283689
3092,PROAPA,72.075667490013
3093,PROAPA,63.9079798453966
3094,PROAPA,83.236348572236
3095,PROAPA,62.8968613289217
3096,PROAPA,53.9997824675461
3097,PROAPA,63.636139314305495
3098,PROAPA,92.8082299400265
3099,PROAPA,20.1239735288041
3100,PROAPA,18.3726545574403
3101,PROAPA,27.0809260488191
3102,PROAPA,23.3510624691715
3103,PROAPA,12.811858103284301
3104,PROAPA,13.4175974333884
3105,PROAPA,13.6718316341419
3106,PROAPA,8.46265415969296
3107,PROAPA,11.1529477007005
3108,PROAPA,9.87051718976385
3109,PROAPA,8.08098963363624
3110,PROAPA,8.107176922086001
3111,PROAPA,10.595264247608199
3112,PROAPA,13.8408089691729
3113,PROAPA,15.2603860148136
3114,PROAPA,75.90503007993651
3115,PROAPA,59.9639755010046
3116,PROAPA,72.7766055698188
3117,PROAPA,81.69336508005209
3118,PROAPA,85.3392531320941
3119,PROAPA,104.938285026905
3120,PROAPA,19.7721539213448
3121,PROAPA,12.954733191129902
3122,PROAPA,33.8746705500094
3123,PROAPA,30.370322534790002
3124,PROAPA,14.5467748585851
3125,PROAPA,14.5998596548101
3126,PROAPA,9.920410852665949
3127,PROAPA,9.202435109918259
3128,PROAPA,9.201652924710778
3129,PROAPA,8.60783548937296
3130,PROAPA,6.22021860528906
3131,PROAPA,7.864958151015331
3132,PROAPA,77.0240469168867
3133,PROAPA,95.4706146290044
3134,PROAPA,105.755952082619
3135,PROAPA,9.98064360160101
3136,PROAPA,14.6712964699608
3137,PROAPA,8.74011813615958
3138,PROAPA,12.5761459716538
3139,PROAPA,27.873859870175
3140,PROAPA,23.3778319719631
3141,PROAPA,13.9288786736274
3142,PROAPA,7.97126211350465
3143,PROAPA,9.794831062367118
3144,PROAPA,14.093899945983301
3145,PROAPA,23.7814372520861
3146,PROAPA,24.4558171464778
3147,PROAPA,116.375411184031
3148,PROAPA,67.5926920520244
3149,PROAPA,13.134304519157801
3150,PROAPA,12.5097415473682
3151,PROAPA,9.42324215337018
3152,PROAPA,10.577051473025099
3153,PROAPA,19.382671438923303
3154,PROAPA,22.166975311599803
3155,PROAPA,13.4696949244184
3156,PROAPA,9.01047361451417
3157,PROAPA,9.423725949743151
3158,PROAPA,11.650249087464198
3159,PROAPA,111.41855244338899
3160,PROAPA,100.80183900155399
3161,PROAPA,84.45105619533979
3162,PROAPA,174.772659608835
3163,PROAPA,10.3937979708483
3164,PROAPA,14.4701466308871
3165,PROAPA,13.445085119235198
3166,PROAPA,11.3774726300213
3167,PROAPA,10.6322528801165
3168,PROAPA,17.328936778291098
3169,PROAPA,17.692705166985604
3170,PROAPA,12.7527045659165
3171,PROAPA,9.29899999616359
3172,PROAPA,69.18357419047811
3173,PROAPA,102.387799099984
3174,PROAPA,101.75094361785
